abandoned,បោះបង់ចោល
abilities,សមត្ថភាព
ability,សមត្ថភាព
able,អាច
aboriginal,ជនជាតិដើមអាបូរីជីន
abortion,ការពន្លូតកូន
about,អំពី
above,ខាងលើ
abraham,អ័ប្រាហាំ
abroad,នៅបរទេស
absence,អវត្តមាន
absent,អវត្តមាន
absolute,ដាច់ខាត
absolutely,យ៉ាងពិតប្រាកដ
absorption,ការស្រូបយក
abstract,អរូបី
abstracts,អរូបី
abuse,ការរំលោភបំពាន
academic,សិក្សា
academics,សកម្មភាពសិក្សា
academy,បណ្ឌិត្យសភា
accent,សង្កត់សំឡេង
accept,ទទួលយក
acceptable,អាចទទួលយកបាន
acceptance,ការទទួលយក
accepted,ទទួលយក
accepting,ការទទួលយក
accepts,ទទួលយក
access,ការចូលប្រើ
accessed,បានចូលដំណើរការ
accessibility,ភាពងាយស្រួល
accessible,អាចចូលប្រើបាន
accessing,ការចូលប្រើ
accessories,គ្រឿងបន្លាស់
accessory,គ្រឿងបន្លាស់
accident,គ្រោះថ្នាក់
accidents,គ្រោះថ្នាក់
accommodate,អាចទទួលយកបាន
accommodation,កន្លែងស្នាក់នៅ
accommodations,ការស្នាក់នៅ
accompanied,ការភ្ជាប់
accompanying,អម
accomplish,សម្រេច
accomplished,សម្រេចបាន
accordance,អនុលោមតាម
according,នេះបើយោងតាម
accordingly,តាមការគួរ
account,គណនី
accountability,គណនេយ្យភាព
accounting,គណនេយ្យ
accounts,គណនី
accreditation,ការទទួលស្គាល់
accredited,ទទួលបានការទទួលស្គាល់
accuracy,ភាពត្រឹមត្រូវ
accurate,ត្រឹមត្រូវ
accurately,ត្រឹមត្រូវ
accused,ជនជាប់ចោទ
ace,អាត់
acer,កុំព្យូទ័រយួរដៃAcer
achieve,សម្រេចបាន
achieved,សម្រេចបាន
achievement,សមិទ្ធិផល
achievements,សមិទ្ធិផល
achieving,សម្រេចបាន
acid,អាស៊ីត
acids,អាស៊ីត
acknowledge,ទទួលស្គាល់
acknowledged,បានទទួលស្គាល់
acne,មុន
acoustic,សូរសំឡេង
acquire,ទទួលបាន
acquired,ទទួលបាន
acquisition,ការទិញយក
acquisitions,ការទិញយក
acre,ហិចតា
acres,ហិចតា
acrobat,កាយសម្ព័ន្ធ
across,នៅទូទាំង
acrylic,អាគ្រីលិក
act,ធ្វើសកម្មភាព
acting,ការសម្ដែង
action,សកម្មភាព
actions,សកម្មភាព
activated,បានធ្វើឱ្យដំណើរការ
activation,ការធ្វើឲ្យសកម្ម
active,សកម្ម
actively,សកម្ម
activists,សកម្មជន
activities,សកម្មភាព
activity,សកម្មភាព
actor,តារាសម្ដែង
actors,តារាសម្ដែង
actress,តារាសម្តែង
acts,សកម្ម
actual,ពិត
actually,ពិត
acute,ស្រួច
ad,ការផ្សាយពាណិជ្ជកម្ម
adam,អាដាម
adams,អាដាម
adaptation,ការសម្របខ្លួន
adapted,បានសម្របខ្លួន
adapter,អាដាប់ទ័រ
adapters,អាដាប់ទ័រ
adaptive,សម្របសម្រួល
adaptor,អាដាប់ទ័រ
add,បន្ថែម
added,បន្ថែម
addiction,ញៀនថ្នាំ
adding,ការបន្ថែម
addition,បន្ថែម
additional,បន្ថែម
additionally,បន្ថែម
additions,ការបន្ថែម
address,អាសយដ្ឋាន
addressed,អាសយដ្ឋាន
addresses,អាសយដ្ឋាន
addressing,ដោះស្រាយ
adds,បន្ថែម
adelaide,ទីក្រុងអាដេលៃដ៍
adequate,គ្រប់គ្រាន់
adidas,Adidas
adjacent,ជាប់គ្នា
adjust,ការលៃតម្រូវ
adjustable,អាចលៃតម្រូវបាន
adjusted,កែប្រែ
adjustment,ការកែតម្រូវ
adjustments,ការលៃតម្រូវ
admin,អ្នកគ្រប់គ្រង
administered,គ្រប់គ្រង
administration,រដ្ឋបាល
administrative,រដ្ឋបាល
administrator,អ្នកគ្រប់គ្រង
administrators,អ្នកគ្រប់គ្រង
admission,ការចូលរៀន
admissions,ការចូលរៀន
admit,ទទូលយក
admitted,បានទទួលស្គាល់
adobe,Adobe
adolescent,មនុស្សវ័យជំទង់
adopt,អនុម័ត
adopted,បានអនុម័ត
adoption,កូនចិញ្ចឹម
adrian,អាឌ្រីន
ads,ការផ្សាយពាណិជ្ជកម្ម
adult,មនុស្សពេញវ័យ
adults,មនុស្សពេញវ័យ
advance,ទៅមុខ
advanced,កម្រិតខ្ពស់
advancement,វឌ្ឍនភាព
advances,ជាមុន
advantage,អត្ថប្រយោជន៍
advantages,គុណសម្បត្តិ
adventure,ដំណើរផ្សងព្រេង
adventures,ដំណើរផ្សងព្រេង
adverse,អវិជ្ជមាន
advert,ការផ្សាយពាណិជ្ជកម្ម
advertise,ផ្សាយពាណិជ្ជកម្ម
advertisement,ការផ្សាយពាណិជ្ជកម្ម
advertisements,ការផ្សាយពាណិជ្ជកម្ម
advertiser,អ្នកផ្សាយពាណិជ្ជកម្ម
advertisers,អ្នកផ្សាយពាណិជ្ជកម្ម
advertising,ការផ្សាយពាណិជ្ជកម្ម
advice,ដំបូន្មាន
advise,ផ្តល់ដំបូន្មាន
advised,បានផ្ដល់អនុសាសន៍
advisor,ទីប្រឹក្សា
advisors,ទីប្រឹក្សា
advisory,ប្រឹក្សា
advocacy,ការតស៊ូមតិ
advocate,បំពេញជា
adware,កម្មវិធីផ្សាយពាណិជ្ជកម្ម
ae,អេ
aerial,លើអាកាស
aerospace,អវកាស
affair,សំណុំរឿង
affairs,កិច្ចការ
affect,ប៉ះពាល់
affected,រងផលប៉ះពាល់
affecting,ប៉ះពាល់
affects,ប៉ះពាល់
affiliate,សម្ព័ន្ធ
affiliated,បានភ្ជាប់
affiliates,សាខា
affiliation,ទំនាក់ទំនង
afford,អាច
affordable,មានតម្លៃសមរម្យ
afghanistan,អាហ្វហ្គានីស្ថាន
afraid,ខ្លាច
africa,អាហ្វ្រិក
african,អាហ្វ្រិក
after,ក្រោយ
afternoon,រសៀល
again,ម្តងទៀត
against,ប្រឆាំងនឹង
age,អាយុ
aged,ចាស់
agencies,ទីភ្នាក់ងារ
agency,ទីភ្នាក់ងារ
agenda,របៀបវារៈ
agent,ភ្នាក់ងារ
agents,ភ្នាក់ងារ
ages,អាយុ
aggregate,សរុប
aggressive,បំពាន
aging,ភាពចាស់
ago,កន្លងទៅ
agree,យល់ព្រម
agreed,យល់ព្រម
agreement,កិច្ចព្រមព្រៀង
agreements,កិច្ចព្រមព្រៀង
agrees,យល់ព្រម៖
agricultural,កសិកម្ម
agriculture,កសិកម្ម
ahead,ខាងមុខ
ai,អេអាយ
aid,ជំនួយ
aids,ជំនួយ
aim,គោលបំណង
aimed,មានគោលដៅ
aims,គោលបំណង
air,ខ្យល់
aircraft,យន្តហោះ
airfare,អាកាសយានដ្ឋាន
airline,ក្រុមហ៊ុនអាកាសចរណ៍
airlines,ក្រុមហ៊ុនអាកាសចរណ៍
airplane,យន្តហោះ
airport,អាកាសយានដ្ឋាន
airports,អាកាសយានដ្ឋាន
alabama,អាឡាបាម៉ា
alan,អាឡាន
alarm,សំឡេងរោទិ៍
alaska,អាឡាស្កា
albania,អាល់បានី
albert,អាល់បឺត
alberta,អាល់ប៊ើតា
album,អាល់ប៊ុម
albums,អាល់ប៊ុម
alcohol,ជាតិអាល់កុល
alert,ដាស់តឿន
alerts,ការជូនដំណឹង
alex,អាឡិច
alexander,អាឡិចសាន់ឌឺ
algebra,ពិជគណិត
algeria,អាល់ហ្សេរី
algorithm,អាល់កូរីសឹម
algorithm,អាល់ហ្កូរីហ្សឹម
algorithm,ក្បួនដោះស្រាយបញ្ហា
algorithms,ក្បួនដោះស្រាយបញ្ហា
alias,ឈ្មោះក្លែងក្លាយ
alice,អាលីស
alien,ជនបរទេស
align,តម្រឹម
alignment,តម្រឹម
alike,ដូចគ្នា
alive,នៅរស់
all,ទាំងអស់
allah,អល់ឡោះ
alleged,ចោទថា
allen,អាឡែន
allergy,អាឡែរហ្សី
alliance,សម្ព័ន្ធភាព
allied,សម្ព័ន្ធមិត្ត
allocated,បែងចែក
allocation,ការបែងចែក
allow,អនុញ្ញាត
allowance,ប្រាក់ឧបត្ថម្ភ
allowed,អនុញ្ញាត
allowing,អនុញ្ញាត
allows,អនុញ្ញាត
alloy,លោហៈធាតុផ្សំ
almost,ស្ទើរតែ
alone,តែម្នាក់ឯង
along,តាម
alot,ច្រើន
alpha,អាល់ហ្វា
alphabetical,អក្ខរក្រម
alpine,អាល់ពីន
already,រួចហើយ
also,ក៏
alt,ជំនួស
alter,ផ្លាស់ប្តូរ
altered,បានកែប្រែ
alternate,ឆ្លាស់គ្នា
alternative,ជំនួស
alternatively,ជាជម្រើស
alternatives,ជម្មើសជំនួស
although,ទោះបីជា
aluminium,អាលុយមីញ៉ូម
aluminum,អាលុយមីញ៉ូម
alumni,អតីតនិស្សិត
always,ជានិច្ច
amateur,មិនមែនអាជីព
amazing,អស្ចារ្យ
amazon,អាម៉ាហ្សូន
ambassador,ឯកអគ្គរដ្ឋទូត
amber,អំពិល
ambien,បរិយាកាស
ambient,ព័ទ្ធជុំវិញ
amd,AMD
amend,កែប្រែ
amended,កែប្រែ
amendment,វិសោធនកម្ម
amendments,វិសោធនកម្ម
amenities,គ្រឿងបរិក្ខារ
america,អាមេរិក
american,អាមេរិកាំង
americans,អាមេរិកាំង
americas,អាមេរិក
amino,អាស៊ីតអាមីណូ
among,ក្នុងចំណោម
amongst,រវាង
amount,ចំនួនទឹកប្រាក់
amounts,បរិមាណ
amplifier,ឧបករណ៍ពង្រីក
amsterdam,អាំស្ទែដាំ
analog,អាណាឡូក
analysis,ការវិភាគ
analyst,អ្នកវិភាគ
analysts,ក្រុមអ្នកវិភាគ
analytical,វិភាគ
analyze,វិភាគ
analyzed,បានវិភាគ
anatomy,កាយវិភាគសាស្ត្រ
anchor,យុថ្កា
ancient,បុរាណ
and,ហើយ
anderson,អាន់ឌឺសិន
andorra,ប្រទេសអង់ដូរ៉ា
angel,ទេពធីតា
anger,កំហឹង
angle,មុំ
angry,ខឹង
animal,សត្វ
animals,សត្វ
animated,មានចលនា
animation,ចលនា
anime,គំនូរជីវចល
annex,ឧបសម្ព័ន្ធ
anniversary,ខួប
annotated,កំណត់ចំណាំ
annotation,ចំណារពន្យល់
announce,ប្រកាស
announced,បានប្រកាស
announcement,សេចក្តីប្រកាស
announcements,សេចក្តីប្រកាស
announces,ប្រកាស
annoying,គួរឱ្យធុញទ្រាន់
annual,ប្រចាំឆ្នាំ
annually,ដោយដៃ
anonymous,អនាមិក
another,មួយទៀត
answer,ចម្លើយ
answered,បានឆ្លើយ
answering,កំពុងឆ្លើយ
answers,ចម្លើយ
ant,ស្រមោច
antarctica,អង់តាក់ទិក
antenna,អង់តែន
anthony,អង់តូនី
anthropology,នរវិទ្យា
anti,ប្រឆាំង
antibodies,អង្គបដិប្រាណ
antibody,អង្គបដិបក្ខ
anticipated,ដែលអាចកើតមាន
antique,វត្ថុបុរាណ
antiques,វត្ថុបុរាណ
antivirus,កម្មវិធីកម្ចាត់មេរោគ
antonio,អង់តូនីញ៉ូ
anxiety,ការថប់បារម្ភ
any,ណាមួយ
anybody,នរណាម្នាក់
anymore,ទៀត
anyone,នរណាម្នាក់
anything,អ្វីទាំងអស់
anytime,គ្រប់ពេលវេលា
anyway,ទោះយ៉ាងណាក៏ដោយ
anywhere,គ្រប់ទីកន្លែង
apache,Apache(អាប៉ាឈី)
apart,ដាច់ពីគ្នា
apartment,ផ្ទះល្វែង
api,អេភីអាយ
apollo,ប្រតិបត្ដិការAPOLLO
app,កម្មវិធី
apparatus,គ្រឿងបរិក្ខារ
apparel,សំលៀកបំពាក់
apparent,ជាក់ស្តែង
apparently,ជាក់ស្តែង
appeal,បណ្តឹងឧទ្ធរណ៍
appeals,បណ្តឹងឧទ្ធរណ៍
appear,លេចឡើង
appearance,រូបរាង
appeared,បានបង្ហាញខ្លួន
appearing,លេចឡើង
appears,លេចឡើង
appendix,ឧបសម្ព័ន្ធ
apple,ផ្លែប៉ោម
appliance,គ្រឿងបរិក្ខារ
appliances,គ្រឿងប្រើប្រាស់
applicable,អាចអនុវត្តបាន
applicant,អ្នកដាក់ពាក្យ
applicants,អ្នកដាក់ពាក្យ
application,កម្មវិធី
applications,កម្មវិធី
applied,បានអនុវត្ត
applies,អនុវត្ត
apply,អនុវត្ត
applying,ការដាក់ពាក្យ
appointed,ត្រូវបានតែងតាំង
appointment,ការណាត់ជួប
appointments,ការណាត់ជួប
appraisal,ការវាយតម្លៃ
appreciate,កោតសរសើរ
appreciated,ដែលគួរឱ្យកោតសរសើរ
appreciation,ការដឹងគុណ
approach,វិធីសាស្រ្ត
approaches,វិធីសាស្រ្ត
appropriate,សមរម្យ
appropriations,មូលប្បទានប័ត្រ
approval,ការយល់ព្រម
approve,អនុមត្តិ
approved,អនុម័ត
approx,ប្រហាក់ប្រហែល
approximate,សមរម្យ
approximately,ប្រហែល
apps,កម្មវិធី
april,មេសា
aqua,ទឹក
aquarium,អាងចិញ្ចឹមត្រី
aquatic,ទឹក
arab,អារ៉ាប់
arabia,ទ្វីបអាហ្វ្រិក
arabic,អារ៉ាប់
arbitrary,មជ្ឈត្តកម្ម
arbitration,អាជ្ញាកណ្តាល
arbor,សួនឧទ្យាន
arc,ធ្នូ
arcade,អាខេត
arch,ធ្នូ
architect,ស្ថាបត្យករ
architects,ស្ថាបត្យករ
architectural,ស្ថាបត្យកម្ម
architecture,ស្ថាបត្យកម្ម
archive,បណ្ណសារ
archived,បណ្ណសារ
archives,បណ្ណសារ
arctic,អាកទិក
are,ជា
area,តំបន់
areas,តំបន់
arena,សង្វៀន
argentina,អាហ្សង់ទីន
argue,ប្រកែក
argued,អាគុយម៉ង់
argument,អាគុយម៉ង់
arguments,អាគុយម៉ង់
arise,កើតឡើង
arising,កំពុងកើតមានឡើង
arizona,អារីហ្សូណា
arkansas,រដ្ឋArkansas
arm,ដៃ
armed,ប្រដាប់អាវុធ
armenia,អាមេនី
armor,គ្រឿងសឹក
arms,អាវុធ
army,កងទ័ព
around,ជុំវិញ
arrange,រៀបចំ
arranged,រៀបចំ
arrangement,ការរៀបចំ
arrangements,ការរៀបចំ
array,អារេ
arrest,ការចាប់ខ្លួន
arrested,ត្រូវចាប់ខ្លួន
arrival,ការមកដល់
arrivals,ការមកដល់
arrive,មកដល់
arrived,បានមកដល់
arrives,មកដល់
arrow,ព្រួញ
art,សិល្បៈ
arthritis,ជំងឺរលាកសន្លាក់
article,អត្ថបទ
articles,អត្ថបទ
artificial,សិប្បនិម្មិត
artist,សិល្បករ
artistic,វិចិត្រ
artists,សិល្បករ
arts,សិល្បៈ
artwork,ការងារសិល្បះ
asbestos,អាបស្តូស
ascii,ASCII
ash,ផេះ
asia,អាស៊ី
asian,អាស៊ី
aside,ឡែក
asin,អ័ក្សស៊ីនុស
ask,សួរ
asked,សួរ
asking,សួរ
asks,សួរ
aspect,ទិដ្ឋភាព
aspects,ទិដ្ឋភាព
assault,ការវាយ
assembled,បានផ្គុំឡើង
assembly,ការជួបប្រជុំគ្នា
assess,វាយតំលៃ
assessed,បានវាយតម្លៃ
assessing,ការវាយតំលៃ
assessment,ការវាយតម្លៃ
assessments,ការវាយតម្លៃ
asset,ទ្រព្យសកម្ម
assets,ទ្រព្យសកម្ម
assign,ចាត់តាំង
assigned,ចាត់តាំង
assignment,កិច្ចការ
assignments,កិច្ចការ
assist,ជួយ
assistance,ជំនួយ
assistant,ជំនួយការ
assisted,បានជួយ
assists,ជួយ
associate,សហការី
associated,ពាក់ព័ន្ធ
associates,សហការី
association,សមាគម
associations,សមាគម
assume,សន្មត់
assumed,សន្មត់
assumes,សន្មត់
assuming,សន្មត
assumption,ការសន្មត់
assumptions,ការសន្មត់៖
assurance,ការធានា
assure,ធានា
assured,បានធានា
asthma,ជម្ងឺហឺត
astrology,ហោរាសាស្រ្ត
astronomy,តារាវិទ្យា
asylum,សិទ្ធិជ្រកកោន
athletes,អត្តពលិក
athletic,អត្តពលិក
athletics,អត្តពលកម្ម
atlanta,អាត្លង់តា
atlantic,អាត្លង់ទិក
atlas,អាត្លាស
atmosphere,បរិយាកាស
atom,អាតូម
atomic,អាតូម
attach,ភ្ជាប់
attached,ភ្ជាប់
attachment,ឯកសារភ្ជាប់
attachments,ឯកសារភ្ជាប់
attack,ការវាយប្រហារ
attacked,វាយប្រហារ
attacks,ការវាយប្រហារ
attempt,ការប៉ុនប៉ង
attempted,ប៉ុនប៉ង
attempting,ការប៉ុនប៉ង
attempts,ការប៉ុនប៉ង
attend,ចូលរួម
attendance,ការចូលរួម
attended,បានចូលរួម
attending,ចូលរួម
attention,ការយកចិត្តទុកដាក់
attitude,អាកប្បកិរិយា
attitudes,ឥរិយាបថ
attorney,មេធាវី
attorneys,មេធាវី
attract,ទាក់ទាញ
attraction,ការទាក់ទាញ
attractions,ការទាក់ទាញ
attractive,ទាក់ទាញ
attribute,គុណលក្ខណៈ
attributes,គុណលក្ខណៈ
auckland,ទីក្រុងអូក្លែន
auction,ការដេញថ្លៃ
auctions,ការដេញថ្លៃ
aud,អូឌីយ៉ូ
audience,ទស្សនិកជន
audio,អូឌីយ៉ូ
audit,សវនកម្ម
auditor,សវនករ
august,សីហា
aurora,អូរ៉ូរ៉ា
austin,អូស្ទីន
australia,អូស្ត្រាលី
australian,អូស្ត្រាលី
austria,អូទ្រីស
authentic,ពិតប្រាកដ
authentication,ការផ្ទៀងផ្ទាត់ភាពត្រឹមត្រូវ
author,អ្នកនិពន្ធ
authorities,អាជ្ញាធរ
authority,អាជ្ញាធរ
authorization,ការអនុញ្ញាត
authorized,អនុញ្ញាត
authors,អ្នកនិពន្ធ
auto,ស្វ័យប្រវត្តិ
automated,ស្វ័យប្រវត្តិ
automatic,ស្វ័យប្រវត្តិ
automatically,ដោយស្វ័យប្រវត្តិ
automation,ស្វ័យប្រវត្តិកម្ម
automobile,ពន្ធរថយន្ត
automobiles,រថយន្ត
automotive,រថយន្ត
autumn,រដូវស្លឹកឈើជ្រុះ
availability,ភាពអាចរកបាន
available,ទំនេរ
avatar,រូបតំណាង
avenue,ផ្លូវ
average,មធ្យម
avg,មធ្យម
aviation,អាកាសចរណ៍
avoid,ជៀសវាង
avoiding,ជៀសវាង
award,រង្វាន់
awarded,ទទួលបានរង្វាន់
awards,រង្វាន់
aware,ដឹង
awareness,ការយល់ដឹង
away,ឆ្ងាយ
awesome,អស្ចារ្យ
awful,អាក្រក់
axis,អ័ក្ស
azerbaijan,អាស៊ែបៃហ្សង់
babe,ទារក
babes,ទារក
babies,ទារក
baby,ទារក
bachelor,បរិញ្ញាបត្រ
back,ត្រឡប់
backed,បានគាំទ្រ
background,ផ្ទៃខាងក្រោយ
backgrounds,សេចក្តីផ្តើម
backing,គាំទ្រ
backup,ការបម្រុងទុក
bacon,បេខន
bacteria,បាក់តេរី
bacterial,បាក់តេរី
bad,អាក្រក់
badge,ផ្លាកសញ្ញ
badly,មិនល្អ
bag,កាបូប
bag,ថង់
baghdad,បាកដាដ
bahamas,បាហាម៉ា
bahrain,បារ៉ែន
baker,អ្នកដុតនំ
baking,ការដុតនំ
balance,តុល្យភាព
balanced,បានតុល្យភាព
bald,ទំពែក
bali,បាលី
ball,បាល់
ballet,របាំបាឡេ
balloon,បាល់ឡុង
ballot,សន្លឹកឆ្នោត
balls,បាល់
baltimore,បាល់ទីម័រ
ban,ហាមប្រាម
banana,ចេក
band,ក្រុមតន្រ្តី
bands,ក្រុមតន្រ្តី
bandwidth,កម្រិតបញ្ជូន
bang,បន្ទុះ
bangkok,បាងកក
bangladesh,បង់ក្លាដែស
bank,ធនាគារ
banking,ធនាគារ
bankruptcy,ក្ស័យធន
banks,ធនាគារ
banned,ហាមឃាត់
banner,បដា
banners,បដាផ្សព្វផ្សាយអ្នក
baptist,អ្នកជ្រមុជទឹក
bar,របារ
barbados,បាបាដុស
barbara,បាបារ៉ា
barcelona,ទីក្រុងបាស៊ីឡូណា
bare,ទទេ
barely,ស្ទើរតែ
bargain,ការចរចា
bargains,ការចរចារ
barn,កូន
barnes,ជង្រុក
barrel,ធុង
barrier,របាំង
barriers,ឧបសគ្គ៖
barry,បារី
bars,បារ
base,មូលដ្ឋាន
baseball,កីឡាបេស្បល
based,ផ្អែកលើ
baseline,បន្ទាត់មូលដ្ឋាន
basement,ជាន់ក្រោមដី
basename,ឈ្មោះមូលដ្ឋាន
bases,មូលដ្ឋាន
basic,មូលដ្ឋាន
basically,ជាមូលដ្ឋាន
basics,មូលដ្ឋាន
basin,ចានលាងដៃ
basis,មូលដ្ឋាន
basket,កន្ត្រក
basketball,បាល់បោះ
baskets,កន្ត្រក
bass,បាស
bat,សត្វប្រជៀវ
batch,បាច់
bath,ងូតទឹក
bathroom,បន្ទប់ទឹក
bathrooms,បន្ទប់ទឹក
baths,ចំនួនបន្ទប់ទឹក
batman,ប៊ែតមែន
batteries,ថ្ម
battery,ថ្ម
battle,ការប្រយុទ្ធ
battlefield,សមរភូមិ
bay,ឆ្នេរសមុទ្រ
bbc,ប៊ីប៊ីស៊ី
bc,មុនគ.ស
beach,ឆ្នេរ
beaches,ឆ្នេរសមុទ្រ
beads,អង្កាំ
beam,ធ្នឹម
bean,សណ្តែក
beans,សណ្តែក
bear,ខ្លាឃ្មុំ
bearing,គ្រាប់បាល់
bears,ខ្លាឃ្មុំ
beast,សត្វ
beastality,ភាពសាហាវ
beastiality,សត្វតិរច្ឆាន
beat,វាយ
beatles,ប៊ីថល
beats,ចង្វាក់
beautiful,ស្រស់ស្អាត
beautifully,ស្រស់ស្អាត
beauty,សម្រស់
beaver,សត្វកាស្ទ័រ
became,បានក្លាយជា
because,ពីព្រោះ
become,ក្លាយជា
becomes,ក្លាយជា
becoming,ក្លាយជា
bed,គ្រែ
bedding,ពូក
bedroom,បន្ទប់គេង
bedrooms,បន្ទប់គេង
beds,គ្រែ
bee,ឃ្មុំ
beef,សាច់គោ
beer,ស្រាបៀរ
before,មុន
began,បានចាប់ផ្តើម
begin,ចាប់ផ្តើម
beginner,ដំបូង
beginners,អ្នកចាប់ផ្តើមដំបូង
beginning,ការចាប់ផ្តើម
begins,ចាប់ផ្តើម
begun,បានចាប់ផ្តើម
behalf,ក្នុងនាម
behavior,អាកប្បកិរិយា
behavioral,មានអាកប្បកិរិយា
behaviour,អាកប្បកិរិយា
behind,នៅខាងក្រោយ
beijing,ប៉េកាំង
being,កំពុងជា
beings,កំពុងជា
belarus,បេឡារុស
belgium,បែលហ្សិក
belief,ជំនឿ
beliefs,ជំនឿ
believe,ជឿ
believed,ជឿ
believes,ជឿ
belize,បេលីហ្ស
belkin,ប៊ែលគីន
bell,កណ្ដឹង
belle,ប៊ែល
belly,ពោះ
belong,ជាកម្មសិទ្ធិ
belongs,ជាកម្មសិទ្ធិ
below,ខាងក្រោម
belt,ខ្សែក្រវាត់
belts,ខ្សែក្រវ៉ាត់
bench,កៅអី
benchmark,ស្ដង់ដា
bend,ក្រុម
beneath,ខាងក្រោម
beneficial,អត្ថប្រយោជន៍
benefit,អត្ថប្រយោជន៍
benefits,អត្ថប្រយោជន៍
benjamin,បេនយ៉ាមីន
benz,Mercedes-Benz
berlin,ទីក្រុងប៊ែកឡាំង
bermuda,ប៊េរមូដា
berry,បឺរី
beside,នៅក្បែរ
besides,ក្រៅពី
best,ល្អបំផុត
bestiality,ភាពសាហាវឃោរឃៅ
bestsellers,លក់ដាច់បំផុត
bet,ភ្នាល់
beta,បេតា
better,ល្អជាង
betting,ការភ្នាល់
between,រវាង
beverage,ភេសជ្ជៈ
beverages,ភេសជ្ជៈ
beverly,ប៊ែវើរី
beyond,លើសពី
bhutan,ប៊ូតាន
bias,លម្អៀង
bible,ព្រះគម្ពីរ
biblical,ព្រះគម្ពីរ
bibliographic,គន្ថនិទ្ទេស
bibliography,គន្ថនិទ្ទេស
bicycle,ជិះកង់
bid,ដេញថ្លៃ
bidder,អ្នកដេញថ្លៃ
bidding,ការដេញថ្លៃ
bids,ការដេញថ្លៃ
big,ធំ
bigger,ធំជាង
biggest,ធំជាងគេ
bike,កង់
bikes,កង់
bikini,ប៊ីគីនី
bill,វិក័យប័ត្រ
billing,វិក័យប័ត្រ
billion,ពាន់លាន
bills,វិក័យប័ត្រ
billy,ប៊ីលី
bin,ធុង
binary,គោលពីរ
bind,ចង
binding,ការចង
bingo,ល្បែងប៊ីងហ្គោ
bio,ជីវ
biodiversity,ជីវចម្រុះ
biographies,ជីវប្រវត្តិ
biography,ជីវប្រវត្តិ
biological,ជីវសាស្រ្ត
biology,ជីវវិទ្យា
bios,BIOS
biotechnology,ជីវបច្ចេកវិទ្យា
bird,បក្សី
birds,បក្សី
birmingham,ប៊ឺមីងហាំ
birth,កំណើត
birthday,ថ្ងៃកំណើត
bishop,ប៊ីស្សព
bit,ប៊ីត
bitch,មនុស្សចង្រៃ
bite,ចឹក
bits,ប៊ីត
biz,ប៊ីស
bizarre,ចម្លែក
black,ខ្មៅ
blackberry,ប៊ឺរីខ្មៅ
blackjack,ខ្មៅដៃ
blacks,ខ្មៅ
blade,ដាវ
blades,ផ្លែកាត់
blame,បន្ទោស
blank,ទទេ
blanket,ភួយ
blast,ការផ្ទុះ
bleeding,ហូរឈាម
blend,ល្បាយ
bless,ប្រទានពរ
blessed,បានប្រទានពរ
blind,ពិការភ្នែក
blink,លោតភ្លឹបភ្លែត
block,ប្លុក
blocking,ការទប់ស្កាត់
blocks,ប្លុក
blog,ប្លុក
blogger,អ្នកសរសេរប្លុក
bloggers,អ្នកសរសេរប្លុក
blogging,ការសរសេរប្លុក
blogs,ប្លុក
blond,ពណ៌ទង់ដែង
blonde,ប៍នតង់ដេង
blood,ឈាម
bloody,ឈាម
bloom,ផ្កា
bloomberg,ផ្ការីក
blow,ផ្លុំ
blowing,កំពុងបក់
blowjob,ផ្លុំ
blowjobs,ផ្លុំ
blue,ខៀវ
blues,ខៀវ
bluetooth,ប៊្លូធូស
blvd,មហាវិថីសម្រាប់ជិះកង់
bmw,BMW
board,វេទិកា
boards,វេទិកា
boat,ទូក
boating,ជិះទូក
boats,ទូក
bobby,បូប៊ី
bodies,រាងកាយ
body,រាងកាយ
bold,ដិត
bolivia,បូលីវី
bolt,ប៊ូឡុង
bomb,គ្រាប់បែក
bond,ចំណង
bondage,ការជាប់ឃុំឃាំង
bonds,មូលបត្របំណុល
bone,ឆ្អឹង
bones,ឆ្អឹង
bonus,ប្រាក់រង្វាន់
boob,សុដន់
book,សៀវភៅ
booking,ការកក់
bookings,កក់
bookmark,ចំណាំ
bookmarks,ចំណាំ
books,សៀវភៅ
bookstore,បណ្ណាគារ
bool,ប៊ូល
boolean,ប៊ូល
boom,ដងសន្ទូច
boost,ជំរុញ
boot,ចាប់ផ្ដើម
booth,ស្តង់
boots,ស្បែកជើងកវែង
booty,ចោរកម្ម
border,ព្រំដែន
borders,ស៊ុម
bored,ធុញទ្រាន់
boring,គួរឱ្យធុញទ្រាន់
born,កើត
borough,សង្កាត់
bosnia,បូស្ន៊ី
boss,ថៅកែ
boston,បូស្តុន
both,ទាំងពីរ
bother,រំខាន
botswana,បុតស្វាណា
bottle,ដប
bottles,ដប
bottom,បាត
bought,បានទិញ
boulevard,មហាវិថី
bound,ចង
boundaries,ដែនកំណត់
boundary,ព្រំដែន
bouquet,បាច់ផ្កា
boutique,ហាងលក់ទំនិញ
bow,ធ្នូ
bowl,ចាន
bowling,កីឡាបោះប៊ូលីង
box,ប្រអប់
boxed,ប្រអប់
boxes,ប្រអប់
boxing,ប្រដាល់
boy,ក្មេងប្រុស
boys,ក្មេងប្រុស
bra,អាវទ្រនាប់
bracelet,ខ្សែដៃ
bracelets,ខ្សែដៃ
bracket,តង្កៀប
bradley,ប្រេដលី
brain,ខួរក្បាល
brake,ហ្វ្រាំង
brakes,ហ្វ្រាំង
branch,សាខា
branches,មែកឈើ
brand,ម៉ាក
brandon,ប្រេនដុន
brands,ម៉ាក
brass,លង្ហិន
brave,ក្លាហាន
brazil,ប្រេស៊ីល
brazilian,ប្រេស៊ីល
breach,ការបំពាន
bread,នំបុ័ង
break,សម្រាក
breakdown,បំបែកបាក់បែក
breakfast,អាហារពេលព្រឹក
breaking,ការបំបែក
breaks,សម្រាក
breast,សុដន់
breasts,ដើមទ្រូង
breath,ដកដង្ហើម
breathing,ដកដង្ហើម
breed,ពូជ
breeding,ការបង្កាត់ពូជ
breeds,ពូជ
brian,ប្រាយ
brick,ឥដ្ឋ
bridal,អាពាហ៍ពិពាហ៍
bride,កូនក្រមុំ
bridge,ស្ពាន
bridges,ស្ពាន
brief,សង្ខេប
briefing,សង្ខេប
briefly,សង្ខេប
briefs,សង្ខេប
bright,ភ្លឺ
brighton,ប្រាយតុន
brilliant,អស្ចារ្យ
bring,នាំមក
bringing,នាំយក
brings,នាំមក
bristol,ប្រីស្តូល
britain,ចក្រភពអង់គ្លេស
british,អង់គ្លេស
britney,ប្រ៊ីតនី
broad,ទូលំទូលាយ
broadband,អ៊ីនធឺណិត
broadcast,ការចាក់ផ្សាយ
broadcasting,ប្រកាស
broader,ទូលាយជាង
broadway,ផ្លូវធំទូលាយ
brochure,ខិត្តប័ណ្ណ
brochures,ខិត្តប័ណ្ណ
broke,ខូច
broken,ខូច
broker,ឈ្មួញកណ្តាល
brokers,ឈ្មួញកណ្តាល
bronze,សំរិទ្ធ
brook,ប្រូក
brother,បងប្រុស
brothers,បងប្អូន
brought,នាំមក
brown,ត្នោត
browse,រុករក
browser,កម្មវិធីរុករក
browsers,កម្មវិធីរុករក
browsing,ការរកមើល
bruce,ប្រ៊ូស
brunei,ប៊្រុយណេ
brunette,ត្នោតខ្ចី
brush,ជក់
brussels,ប្រ៊ូសសែល
brutal,ឃោរឃៅ
bubble,ពពុះ
buck,មេត្តា
bucks,ប្រាក់
budapest,ប៊ូដាប៉េស
buddy,សម្លាញ់
budget,ថវិកា
budgets,ថវិកា
buffalo,ក្របី
buffer,សតិបណ្ដោះអាសន្ន
bug,កំហុស
bugs,កំហុស
build,សាងសង់
builder,អ្នកសាងសង់
builders,អ្នកសាងសង់
building,អគារ
buildings,អគារ
builds,បង្កើត
built,សាងសង់
bukkake,ប៊ុកខេក
bulgaria,ប៊ុលហ្គារី
bulgarian,ភាសាប៊ុលហ្គារី
bulk,ភាគច្រើន
bull,គោ
bullet,គ្រាប់កាំភ្លើង
bulletin,ព្រឹត្តិបត្រ
bumper,កាងរថយន្ត
bunch,បណ្តុំ
bundle,កញ្ចប់
bunny,ទន្សាយ
burden,បន្ទុក
bureau,ការិយាល័យ
buried,កប់
burke,ប៊ឺក
burn,ដុត
burner,ឧបករណ៍សម្រាប់ដុត
burning,ការដុត
burns,ការលាក់ភ្លើង
burst,ការផ្ទុះ
burton,ប៊ឺតុន
bus,ឡានក្រុង
buses,រថយន្តធំៗ
bush,ព្រៃ
business,អាជីវកម្ម
businesses,អាជីវកម្ម
busty,មមាញឹក
busy,រវល់
but,ប៉ុន្តែ
butler,មេអំបៅ
butt,គូទ
butter,ប៊ឺ
butterfly,មេអំបៅ
button,ប៊ូតុង
buttons,ប៊ូតុង
butts,ប៊ូតុង
buy,ទិញ
buyer,អ្នកទិញ
buyers,អ្នកទិញ
buying,ការទិញ
buys,ទិញ
buzz,សំឡេងរោទ៍
bye,លាហើយ
byte,បៃ
bytes,បៃ
cabin,កាប៊ីន
cabinet,គណៈរដ្ឋមន្ត្រី
cabinets,ទូដាក់ឥវ៉ាន់
cable,ខ្សែ
cables,ខ្សែ
cache,ឃ្លាំងសម្ងាត់
cached,ឃ្លាំងសម្ងាត់
cafe,ហាងកាហ្វេ
cage,ទ្រុង
cake,នំខេក
cakes,នំខេក
cal,កាឡូរី
calcium,កាលស្យូម
calculate,គណនា
calculated,គណនា
calculation,ការគណនា
calculator,ម៉ាស៊ីនគិតលេខ
calendar,ប្រតិទិន
calibration,ការក្រិតតាមខ្នាត
california,កាលីហ្វ័រញ៉ា
call,ហៅ
called,បានហៅ
calling,ការហៅទូរស័ព្ទ
calls,ហៅ
calm,ស្ងប់ស្ងាត់
cam,កាមេរ៉ា
cambodia,ប្រទេសកម្ពុជា
cambridge,ខេមប្រ៊ីជ
camcorder,កាមេរ៉ា
camcorders,កាមេរ៉ា
came,មក
camel,សត្វអូដ្ឋ
camera,កាមេរ៉ា
cameras,កាមេរ៉ា
cameron,កាមេរ៉ូន
cameroon,កាមេរូន
camp,ជំរុំ
campaign,យុទ្ធនាការ
campaigns,យុទ្ធនាការ
campbell,បោះជំរុំ
camping,ការបោះជំរុំ
camps,ជំរំ
campus,បរិវេណសាលា
cams,កាមេរ៉ា
can,អាច
canada,កាណាដា
canadian,ជនជាតិកាណាដា
canal,ប្រឡាយ
cancel,បោះបង់
cancellation,ការផ្អាក
cancelled,បោះបង់
cancer,មហារីក
candidate,បេក្ខជន
candidates,បេក្ខជន
candle,ទៀន
candles,ទៀន
candy,ស្ករគ្រាប់
cannon,កាណុង
canon,កាណុង
cant,ច្រៀង
canvas,ផ្ទាំងក្រណាត់
canyon,អន្លង់
cap,មួក
capabilities,សមត្ថភាព
capability,សមត្ថភាព
capable,មានសមត្ថភាព
capacity,សមត្ថភាព
cape,កំពត
capital,រាជធានី
capitol,កាពីតូល
caps,មួក
captain,ប្រធានក្រុម
capture,ចាប់យក
captured,ចាប់បាន
car,ឡាន
carb,កាបូអ៊ីដ្រាត
carbon,កាបូន
card,កាត
cardiac,បេះដូង
cardiovascular,សរសៃឈាមបេះដូង
cards,កាត
care,ការថែទាំ
career,អាជីព
careers,អាជីព
careful,ប្រយ័ត្ន
carefully,ដោយប្រុងប្រយ័ត្ន
carey,ការថែទាំ
cargo,ទំនិញ
caribbean,ការាបៀន
caring,ដែលចេះថែទាំ
carl,ខាល
carnival,បុណ្យកឋិនទាន
carol,ការ៉ូល
carolina,ខារ៉ូលីណា
caroline,ការ៉ូលីន
carpet,កំរាលព្រំ
carried,ដឹក
carrier,ក្រុមហ៊ុនដឹកជញ្ជូន
carriers,នាវាផ្ទុក
carries,ដឹក
carroll,ខារ៉ូល
carry,ដឹក
carrying,ដឹក
cars,ឡាន
cart,រទេះ
cartoon,តុក្កតា
cartoons,តុក្កតា
cartridge,ប្រអប់ព្រីន
cartridges,ប្រអប់ព្រីន
casa,កាសា
case,ករណី
cases,ករណី
cash,សាច់ប្រាក់
cashiers,អ្នកគិតលុយ
casino,កាស៊ីណូ
casinos,កាស៊ីណូ
casio,ម៉ាស៊ីនគិតលេខកាសីយ៉ូ
cassette,កាសែត
cast,ដេញ
casting,ការសម្ដែង
castle,ប្រាសាទ
casual,ធម្មតា
cat,ឆ្មា
catalog,កាតាឡុក
catalogs,កាតាឡុក
catalogue,កាតាឡុក
catalyst,កាតាលីករ
catch,ចាប់
categories,ប្រភេទ
category,ប្រភេទ
catering,ការផ្តល់ម្ហូបអាហារ
cathedral,វិហារព្រះវិហារ
catholic,កាតូលិក
cats,ឆ្មា
cattle,គោក្របី
caught,ចាប់បាន
cause,មូលហេតុ
caused,បង្កឡើង
causes,មូលហេតុ
causing,បណ្តាលឱ្យមាន
caution,ការប្រុងប្រយ័ត្ន
cave,រូងភ្នំ
cayman,កោះកៃម៉ាន
cd,ស៊ីឌី
cedar,ស៊ីដា
ceiling,ពិដាន
celebrate,អបអរសាទរ
celebration,ការប្រារព្ធពិធី
celebrities,តារាល្បី
celebrity,តារាល្បី
celebs,តារាល្បី
cell,ក្រឡា
cells,កោសិកា
cellular,កោសិកា
celtic,Name
cement,ស៊ីម៉ងត៍
cemetery,ស៊ីមេទ្រី
census,ជំរឿន
cent,សេន
center,មជ្ឈមណ្ឌល
centered,កណ្ដាល
centers,មជ្ឈមណ្ឌល
central,កណ្តាល
centre,កណ្តាល
centres,មជ្ឈមណ្ឌល
cents,សេន
centuries,សតវត្ស
century,សតវត្ស
ceo,នាយក
ceramic,សេរ៉ាមិច
ceremony,ពិធី
certain,ជាក់លាក់
certainly,ប្រាកដណាស់
certificate,វិញ្ញាបនបត្រ
certificates,វិញ្ញាបនបត្រ
certification,វិញ្ញាបនប័ត្រ
certified,បញ្ជាក់
cgi,CGI
chain,ខ្សែសង្វាក់
chains,ច្រវ៉ាក់
chair,កៅអី
chairman,ប្រធាន
chairs,កៅអី
challenge,បញ្ហាប្រឈម
challenged,ប្រឈម
challenges,បញ្ហាប្រឈម
challenging,បញ្ហាប្រឈម
chamber,អង្គជំនុំជម្រះ
chambers,បន្ទប់
champagne,សាំងហ្គាពួរ
champion,ជើងឯក
champions,ជើងឯកជំរុំ
championship,ជើងឯក
championships,ជើងឯក
chance,ឱកាស
chancellor,អធិការបតី
chances,ឱកាស
change,ផ្លាស់ប្តូរ
changed,បានផ្លាស់ប្តូរ
changes,ផ្លាស់ប្តូរ
changing,ការផ្លាស់ប្តូរ
channel,ឆានែល
channels,ឆានែល
chaos,ចលាចល
chapel,វិហារ
chapter,ជំពូក
chapters,ជំពូក
char,ចារ
character,តួអក្សរ
characteristic,លក្ខណៈ
characteristics,លក្ខណៈ
characterization,លក្ខណៈ
characterized,បានកំណត់លក្ខណៈ
characters,តួអក្សរ
charge,គិតថ្លៃ
charged,ចោទប្រកាន់
charger,ឆ្នាំងសាក
chargers,ឆ្នាំងសាក
charges,ការចោទប្រកាន់
charging,កំពុងសាកថ្ម
charitable,សប្បុរសធម៌
charity,សប្បុរសធម៌
charles,លោកCharles
charlie,ឆាលី
charlotte,ឆាឡុត
charm,ភាពទាក់ទាញ
charming,មន្តស្នេហ៍
charms,ភាពទាក់ទាញ
chart,តារាង
charter,ធម្មនុញ្ញ
charts,តារាង
chase,ដេញតាម
chassis,សាក់ស៊ីរថយន្ត
cheap,ថោក
cheaper,ថោកជាង
cheapest,ដែលថោកបំផុត
cheat,បោក
cheats,ការបន្លំ
check,ពិនិត្យ
checked,បានពិនិត្យ
checking,ការត្រួតពិនិត្យ
checklist,បញ្ជីត្រួតពិនិត្យ
checkout,ពិនិត្យចេញ
checks,ពិនិត្យ
cheers,អបអរសាទរ
cheese,ឈីស
chef,មេចុងភៅ
chemical,គីមី
chemicals,សារធាតុគីមី
chemistry,គីមីវិទ្យា
cheque,មូលប្បទានបត្រ
cherry,ឈៀររី
chess,ចត្រង្គ
chest,ទ្រូង
chevy,ឆេវឆាវ
chicago,ឈីកាហ្គោ
chicken,មាន់
chicks,កូនមាន់
chief,មេ
child,កូន
childhood,កុមារភាព
children,កុមារ
childrens,កុមារ
chile,ឈីលី
china,ចិន
chinese,ចិន
chip,បន្ទះសៀគ្វី
chips,បន្ទះសៀគ្វី
chocolate,សូកូឡា
choice,ជម្រើស
choices,ជម្រើស
choir,ក្រុមចម្រៀង
cholesterol,កូឡេស្តេរ៉ុល
choose,ជ្រើសរើស
choosing,ការជ្រើសរើស
chorus,ច្រៀងជាក្រុម
chose,បានជ្រើសរើស
chosen,បានជ្រើសរើស
chris,គ្រីស
christ,ព្រះគ្រីស្ទ
christian,គ្រីស្ទាន
christianity,គ្រិស្តសាសនា
christians,គ្រីស្ទបរិស័ទ
christina,គ្រីស្តៀណា
christine,សូមគោរពព្រះគ្រីស្ទ
christmas,បុណ្យណូអែល
christopher,គ្រីស្តូហ្វឺរ
chrome,Chrome
chronic,រ៉ាំរ៉ៃ
chronicle,កំណត់ហេតុបណ្ដាញ
chronicles,កំណត់ហេតុបណ្ដាញ
chrysler,គ្រីសល័រ
chubby,ធាត់
church,ព្រះវិហារ
churches,ព្រះវិហារ
cia,ស្ថាប័នCIA
cialis,ស៊ីលីស
cigarette,បារី
cigarettes,បារី
cincinnati,ស៊ីនស៊ីនណាទី
cinema,រោងកុន
circle,រង្វង់
circles,រង្វង់
circuit,សៀគ្វី
circuits,មណ្ឌលតុលាការ
circular,នៃរង្វង់
circulation,ឈាមរត់
circumstances,កាលៈទេសៈ
circus,សៀក
cisco,ស៊ីស្កូ
citation,ដីកាសម្រេច
citations,ការដកស្រង់
cite,ដកស្រង់
cited,ដកស្រង់
cities,ទីក្រុង
citizen,ពលរដ្ឋ
citizens,ពលរដ្ឋ
citizenship,សញ្ជាតិ
city,ទីក្រុង
citysearch,ស្វែងរកទីក្រុង
civic,ស៊ីវិល
civil,ស៊ីវិល
civilian,ស៊ីវិល
civilization,អារ្យធម៌
claim,ទាមទារ
claimed,មិននៅទំនេរ
claims,ការទាមទារ
clan,កុលសម្ព័ន្ធ
clarity,ភាពច្បាស់លាស់នៃករណី
clark,ក្លាក
class,ថ្នាក់
classes,ថ្នាក់
classic,បុរាណ
classical,បុរាណ
classics,បុរាណ
classification,ការចាត់ថ្នាក់
classified,ចាត់ថ្នាក់
classifieds,ចាត់ថ្នាក់
classroom,ថ្នាក់រៀន
clause,ឃ្លា
clay,ដីឥដ្ឋ
clean,ស្អាត
cleaner,អ្នកសម្អាត
cleaners,ឧបករណ៍សម្អាត
cleaning,ការសម្អាត
cleanup,សម្អាត
clear,ច្បាស់
clearance,ការបោសសំអាត
cleared,បានជម្រះ
clearly,ច្បាស់
clerk,ស្មៀន
cleveland,ទីក្រុងCleveland
click,ចុច
clicking,ការចុច
clicks,ចុច
client,អតិថិជន
clients,អតិថិជន
cliff,ច្រាំងថ្មចោទ
climate,អាកាសធាតុ
climb,ឡើងភ្នំ
climbing,ការឡើងភ្នំ
clinic,គ្លីនិក
clinical,គ្លីនិក
clinics,គ្លីនិក
clinton,គ្លីនតុន
clip,ឈុត
clips,ឈុតខ្លីៗ
clock,នាឡិកា
clocks,នាឡិកា
clone,ក្លូន
close,ជិត
closed,បិទ
closely,យ៉ាងជិតស្និទ្ធ
closer,កាន់តែជិត
closes,បិទ
closest,ជិតបំផុត
closing,ការបិទ
closure,បិទគម្រោង
cloth,ក្រណាត់
clothes,សំលៀកបំពាក់
clothing,សំលៀកបំពាក់
cloud,ពពក
clouds,ពពក
cloudy,ពពក
club,ក្លឹប
clubs,ក្លឹប
cluster,ចង្កោម
clusters,ចង្កោម
cm,សង់ទីម៉ែត្រ
cnet,
cnn,ទូរទស្សន៍ស៊ីអិនអិន
coach,គ្រូបង្វឹក
coaches,គ្រូបង្វឹក
coaching,ការហ្វឹកហាត់
coal,ធ្យូងថ្ម
coalition,សម្ព័ន្ធ
coast,ឆ្នេរសមុទ្រ
coastal,ឆ្នេរសមុទ្រ
coat,អាវ
coated,ថ្នាំកូត
coating,ថ្នាំកូត
cock,មាន់ជល់
cocks,មាន់ជល់
cocktail,ស្រាក្រឡុក
code,កូដ
codes,កូដ
coding,ការដាក់លេខកូដ
coffee,កាហ្វេ
cognitive,យល់ដឹង
coin,កាក់
coins,កាក់
cold,ត្រជាក់
coleman,ខូលមែន
colin,កូលីន
collaboration,កិច្ចសហប្រតិបត្តិការ
collaborative,សហការ
collapse,បង្រួម
collar,កអាវ
colleague,មិត្តរួមការងារ
colleagues,បុគ្គលិក
collect,ប្រមូល
collectables,វត្ថុដែលអាចប្រមូលបាន
collected,ប្រមូលបាន
collectible,អាចប្រមូលបាន
collectibles,វត្ថុប្រមូល
collecting,ការប្រមូល
collection,ការប្រមូល
collections,បណ្តុំ
collective,សមូហភាព
collector,អ្នកប្រមូល
collectors,អ្នកប្រមូល
college,មហាវិទ្យាល័យ
colleges,មហាវិទ្យាល័យ
collins,ខូលីន
cologne,កូឡូញ
colombia,កូឡុំប៊ី
colon,សញ្ញា
colonial,អាណានិគម
colony,អាណានិគម
color,ពណ៌
colorado,ខូឡូរ៉ាដូ
colored,ពណ៌
colors,ពណ៌
colour,ពណ៌
colours,ពណ៌
columbia,កូឡុំប៊ី
columbus,កូឡុំបឺស
column,ជួរឈរ
columnists,ជួរឈរ
columns,ជួរឈរ
combat,ការប្រយុទ្ធ
combination,ការរួមបញ្ចូលគ្នា
combinations,បន្សំ
combine,ផ្សំ
combined,រួមបញ្ចូលគ្នា
combines,រួមបញ្ចូលគ្នា
combining,ការរួមបញ្ចូលគ្នា
combo,លើកទឹកចិត្ត
come,មក
comedy,កំប្លែង
comes,មក
comfort,ការលួងលោម
comfortable,មានផាសុកភាព
comic,រឿងកំប្លែង
comics,រឿងកំប្លែង
coming,មក
command,បញ្ជា
commander,អ្នកបញ្ជា
commands,ពាក្យបញ្ជា
comment,មតិយោបល់
commentary,អត្ថាធិប្បាយ
commented,បានអត្ថាធិប្បាយលើ
comments,មតិយោបល់
commerce,ពាណិជ្ជកម្ម
commercial,ពាណិជ្ជកម្ម
commission,គណៈកម្មាការ
commissioner,ស្នងការ
commissioners,ស្នងការ
commissions,កម្រៃជើងសារ
commit,ប្តេជ្ញាចិត្ត
commitment,ការប្តេជ្ញាចិត្ត
commitments,ការប្តេជ្ញាចិត្តសំខាន់ៗ
committed,ប្តេជ្ញាចិត្ត
committee,គណៈកម្មាធិការ
committees,គណៈកម្មាធិការ
commodities,ទំនិញថ្មី
commodity,វត្ថុធាតុដើម
common,ទូទៅ
commonly,ជាទូទៅ
commons,ទូទៅ
commonwealth,រួម
communicate,ទំនាក់ទំនង
communication,ការទំនាក់ទំនង
communications,ទំនាក់ទំនង
communist,កុម្មុយនិស្ត
communities,សហគមន៍
community,សហគមន៍
comp,ពិន្ទុលើកទឹកចិត្ត
compact,បង្រួម
companies,ក្រុមហ៊ុន
companion,ដៃគូ
company,ក្រុមហ៊ុន
compaq,
comparable,អាចប្រៀបធៀបបាន
comparative,ការប្រៀបធៀប
compare,ប្រៀបធៀប
compared,ប្រៀបធៀប
comparing,ការប្រៀបធៀប
comparison,ការប្រៀបធៀប
comparisons,ការប្រៀបធៀប
compatibility,ភាពឆបគ្នា
compatible,ឆបគ្នា
compensation,សំណង
compete,ប្រកួតប្រជែង
competent,យុត្តាធិការ
competing,ការប្រកួតប្រជែង
competition,ការប្រកួតប្រជែង
competitions,ការប្រកួតប្រជែង
competitive,ប្រកួតប្រជែង
competitors,ដៃគូប្រកួតប្រជែង
compilation,ការចងក្រង
compile,ចងក្រង
compiled,ចងក្រង
compiler,កម្មវិធីចងក្រង
complaint,បណ្តឹង
complaints,ពាក្យបណ្តឹង
complement,ការបន្ថែម
complete,ពេញលេញ
completed,បានបញ្ចប់
completely,ទាំងស្រុង
completing,កំពុងបញ្ចប់
completion,ការបញ្ចប់
complex,ស្មុគស្មាញ
complexity,ភាពស្មុគស្មាញ
complexity,មិស្សភាព
compliance,ការអនុលោមតាម
compliant,អនុលោមតាមច្បាប់
complicated,ដែលស្មុគស្មាញ
complications,សំណុំឯកសារផ្សេងៗ
complimentary,ការកោតសរសើរ
comply,អនុវត្តតាម
component,សមាសភាគ
components,សមាសធាតុ
composed,សមាសភាព
composer,កម្មវិធីតែង
composite,សមាសធាតុ
composition,សមាសភាព
compound,បរិវេណ
compounds,សមាសធាតុ
comprehensive,ទូលំទូលាយ
compressed,បានបង្ហាប់
compression,ការបង្ហាប់
compromise,សម្របសម្រួល
computation,ការគណនា
computational,គណនា
compute,គណនា
computed,គណនា
computer,កុំព្យូទ័រ
computers,កុំព្យូទ័រ
computing,កុំព្យូទ័រ
con,កុង
concentrate,កំហាប់
concentration,ការផ្តោតអារម្មណ៍
concentrations,កំហាប់
concept,គំនិត
concepts,គំនិត
conceptual,គំនិត
concern,កង្វល់
concerned,បារម្ភ
concerning,ពាក់ព័ន្ធ
concerns,កង្វល់
concert,ការប្រគុំតន្ត្រី
concerts,បរិបទ
conclude,បូកសរុប
concluded,បានបញ្ចប់
conclusion,ការសន្និដ្ឋាន
conclusions,ការសន្និដ្ឋាន
concrete,បេតុង
condition,លក្ខខណ្ឌ
conditional,លក្ខខណ្ឌ
conditioning,ម៉ាស៊ីនត្រជាក់
conditions,លក្ខខណ្ឌ
condo,ខុនដូ
condos,ខុនដូ
conduct,ការប្រព្រឹត្ត
conducted,បានធ្វើឡើង
conducting,ដឹកនាំ
conference,សន្និសីទ
conferences,សន្និសីទ
conferencing,ការធ្វើសន្និសីទ
confidence,ទំនុកចិត្ត
confident,មានទំនុកចិត្តខ្លួនឯង
confidential,ឯកសារសម្ងាត់
confidentiality,ការសម្ងាត់
config,កំណត់រចនាសម្ព័ន្ធ
configuration,ការកំណត់រចនាសម្ព័ន្ធ
configurations,ការកំណត់រចនាសម្ព័ន្ធ
configure,កំណត់រចនាសម្ព័ន្ធ
configured,បានកំណត់រចនាសម្ព័ន្ធ
configuring,ការកំណត់រចនាសម្ព័ន្ធ
confirm,បញ្ជាក់
confirmation,ការបញ្ជាក់
confirmed,បញ្ជាក់
conflict,ជម្លោះ
conflicts,ការសម្ងាត់
confused,ច្របូកច្របល់
confusion,វង្វេង
congo,កុងហ្គោ
congratulations,អបអរសាទរ
congress,សមាជ
congressional,សភា
conjunction,ការតភ្ជាប់
connect,ភ្ជាប់
connected,ភ្ជាប់
connecticut,កូណិចធិខាត់
connecting,កំពុងតភ្ជាប់
connection,ការតភ្ជាប់
connections,ការតភ្ជាប់
connectivity,ការតភ្ជាប់
connector,បន្ទាត់តភ្ជាប់
connectors,ឧបករណ៍ភ្ជាប់
cons,គុណវិបត្តិ
conscious,ដឹងខ្លួន
consciousness,ការដឹង
consecutive,តជាប់គ្នា
consensus,ការព្រមព្រៀង
consent,ការយល់ព្រម
consequence,ផលវិបាក
consequences,ផលវិបាក
consequently,ហេតុដូច្នេះសម្រេច
conservation,ការអភិរក្ស
conservative,អភិរក្សនិយម
consider,ពិចារណា
considerable,គួរឱ្យកត់សម្គាល់
consideration,ការពិចារណា
considerations,ពិចារណា
considered,ពិចារណា
considering,ពិចារណា
considers,ពិចារណា
consist,រួមមាន
consistency,សង្គតិភាព
consistent,ស្រប
consistently,ជាប់លាប់
consisting,មាន
consists,មាន
console,កុងសូល
consoles,កុងសូល
consolidated,បង្រួបបង្រួម
consolidated,បញ្ចូលគ្នា
consolidation,ការបង្រួបបង្រួម
consortium,សម្ព័ន្ធ
conspiracy,ការឃុបឃិតគ្នា
const,(រដ្ឋធម្មនុញ្ញ
constant,ថេរ
constantly,ជានិច្ច
constitute,បង្កើត
constitutes,បង្កើត
constitution,រដ្ឋធម្មនុញ្ញ
constitutional,តុលាការធម្មនុញ្ញ
constraint,ការរឹតបន្តឹង
constraints,ឧបសគ្គ
construct,ស្ថាបនា
constructed,បានសាងសង់
construction,សំណង់
consult,ពិគ្រោះ
consultancy,ការប្រឹក្សាយោបល់
consultant,ទីប្រឹក្សា
consultants,ទីប្រឹក្សា
consultation,ការពិគ្រោះយោបល់
consulting,ការប្រឹក្សាយោបល់
consumer,អ្នកប្រើប្រាស់
consumers,អ្នកប្រើប្រាស់
consumption,ការប្រើប្រាស់
contact,ទំនាក់ទំនង
contacted,បានទាក់ទង
contacting,ការទាក់ទង
contacts,ទំនាក់ទំនង
contain,មាន
contained,មាន
container,ធុង
containers,ធុង
containing,មាន
contains,មាន
contamination,ភាពកខ្វក់
contemporary,សហសម័យ
content,មាតិកា
contents,មាតិកា
contest,ការប្រកួត
contests,ការប្រកួតប្រជែងទាំងអស់
context,បរិបទ
continent,ទ្វីប
continental,ទ្វីប
continually,បន្តទៀត
continue,បន្ត
continued,បន្ត
continues,បន្ត
continuing,បន្ត
continuity,ការបន្ត
continuous,បន្ត
continuously,ជាបន្តបន្ទាប់
contract,កិច្ចសន្យា
contracting,ការចុះកិច្ចសន្យា
contractor,អ្នកម៉ៅការ
contractors,អ្នកម៉ៅការ
contracts,កិច្ចសន្យា
contrary,ខ្លឹមសារផ្ទុយ
contrast,កម្រិតពណ៌
contribute,រួមចំណែក
contributed,បានរួមចំណែក
contributing,ការចូលរួម
contribution,ការរួមចំណែក
contributions,ការរួមចំណែក
contributor,អ្នកចូលរួម
contributors,អ្នកចូលរួមចំណែក
control,ការគ្រប់គ្រង
controlled,គ្រប់គ្រង
controller,ឧបករណ៍បញ្ជា
controllers,ឧបករណ៍ត្រួតពិនិត្យ
controlling,ការគ្រប់គ្រង
controls,ការគ្រប់គ្រង
controversial,ចម្រូងចម្រាស
controversy,ការមិនយល់ស្របគ្នា
convenience,ភាពងាយស្រួល
convenient,ងាយស្រួល
convention,អនុសញ្ញា
conventional,សាមញ្ញ
conventions,អនុសញ្ញា
convergence,ការបញ្ចូលគ្នា
conversation,ការសន្ទនា
conversations,កិច្ចសន្ទនា
conversion,ការប្រែចិត្តជឿ
convert,បម្លែង
converted,បានបំប្លែង
converter,កម្មវិធីបម្លែង
convertible,អាចបម្លែងបាន
convicted,កាត់ទោស
conviction,ផ្តន្តាទោស
convinced,បញ្ចុះបញ្ចូល
cook,ចម្អិន
cookbook,សៀវភៅធ្វើម្ហូប
cooked,ចម្អិនរួច
cookie,ខូគី
cookies,ខូគី
cooking,ចម្អិនអាហារ
cool,ត្រជាក់
cooler,ម៉ាស៊ីនត្រជាក់
cooling,ត្រជាក់
cooper,សហករណ៍
cooperation,កិច្ចសហប្រតិបត្តិការ
cooperative,សហករណ៍
coordinate,កូអរដោនេ
coordinated,អាចសម្របសម្រួលបាន
coordinates,កូអោដោណេ
coordination,ការសម្របសម្រួល
coordinator,អ្នកសម្របសម្រួល
cope,ដោះស្រាយ
copied,បានថតចំលង
copies,ច្បាប់ចម្លង
copper,ទង់ដែង
copy,ចម្លង
copying,កំពុងចម្លង
copyright,កម្មសិទ្ធិបញ្ញា
copyrighted,បានរក្សាសិទ្ធិ
copyrights,កម្មសិទ្ធិបញ្ញា
coral,ផ្កាថ្ម
cord,ខ្សែ
cordless,ឥតខ្សែ
core,ស្នូល
corn,ពោត
cornell,ពោត
corner,ជ្រុង
corners,បាល់ជ្រុង
corp,សាជីវកម្ម
corporate,សាជីវកម្ម
corporation,សាជីវកម្ម
corporations,សាជីវកម្ម
corps,សាកសព
corpus,សំណុំឯកសារ
correct,ត្រឹមត្រូវ
corrected,បានកែតម្រូវ
correction,ការកែតម្រូវ
corrections,ការកែតម្រូវ
correctly,ត្រឹមត្រូវ
correlation,ការជាប់ទាក់ទងគ្នា
correspondence,ការឆ្លើយឆ្លង
corresponding,ដែលត្រូវគ្នា
corruption,អំពើពុករលួយ
cosmetic,គ្រឿងសំអាង
cosmetics,គ្រឿងសំអាង
cost,តម្លៃដើម
costa,កូស្តារីកា
costs,តម្លៃដើម
costume,សំលៀកបំពាក់
costumes,សំលៀកបំពាក់
cottage,ផ្ទះបាយ
cottages,ផ្ទះបាយ
cotton,កប្បាស
could,អាច
council,ក្រុមប្រឹក្សា
councils,ក្រុមប្រឹក្សា
counsel,ប្រឹក្សា
counseling,ការប្រឹក្សាយោបល់
count,រាប់
counted,បានរាប់
counter,បញ្ជរ
counters,ចំនួន
counties,ស្រុក
counting,រាប់
countries,ប្រទេស
country,ប្រទេស
counts,រាប់
county,ស្រុក
couple,គូស្នេហ៍
coupled,ភ្ជាប់
couples,គូស្វាមីភរិយា
coupon,គូប៉ុង
coupons,គូប៉ុង
courage,ភាពក្លាហាន
courier,ការបញ្ជួន
course,វគ្គសិក្សា
courses,វគ្គសិក្សា
court,តុលាការ
courtesy,ការគួរសម
courts,តុលាការ
cover,គម្រប
coverage,គ្របដណ្តប់
covered,គ្របដណ្តប់
covering,គ្របដណ្តប់
covers,គ្របដណ្តប់
cow,គោ
cowboy,អ្នកជិះគោ
cpu,ស៊ីភីយូ
crack,បំបែក
cradle,ឆ្អឹងកំភួនជើង
craft,សិប្បកម្ម
crafts,សិប្បកម្ម
craig,ក្រេក
crap,ល្ងីល្ងើ
craps,ក្តាម
crash,គាំង
crazy,ឆ្កួត
cream,ក្រែម
create,បង្កើត
created,បានបង្កើត
creates,បង្កើត
creating,ការបង្កើត
creation,ការបង្កើត
creations,ការបង្កើត
creative,ច្នៃប្រឌិត
creativity,ការច្នៃប្រឌិត
creator,អ្នកបង្កើត
creature,សត្វ
creatures,សត្វ
credit,ឥណទាន
credits,ឥណទាន
creek,ព្រែក
crest,កំពូល
crew,នាវិក
cricket,កីឡាcricket
crime,ឧក្រិដ្ឋកម្ម
crimes,ឧក្រិដ្ឋកម្ម
criminal,ឧក្រិដ្ឋជន
crisis,វិបត្តិ
criteria,លក្ខណៈវិនិច្ឆ័យ
criterion,លក្ខណៈវិនិច្ឆយ
critical,រិះគន់
criticism,ការរិះគន់
critics,អ្នករិះគន់
croatia,ក្រូអាស៊ី
crop,ដំណាំ
crops,ដំណាំ
cross,ឈើឆ្កាង
crossing,ឆ្លងកាត់
crossword,ល្បែងផ្គុំពាក្យឆ្លង
crowd,ហ្វូងមនុស្ស
crown,មកុដ
crucial,សំខាន់
crude,ឆៅ
cruise,ដំណើរកម្សាន្ត
cruises,នាវាទេសចរណ៍
cry,យំ
crystal,គ្រីស្តាល់
cuba,គុយបា
cube,គូប
cubic,គូប
cuisine,ចម្អិនម្ហូប
cult,សាសនានិយម
cultural,វប្បធម៌
culture,វប្បធម៌
cultures,វប្បធម៌
cumulative,ថែមលើគ្នា
cup,ពែង
cups,ក្រុម
cure,ព្យាបាល
curious,ចង់ដឹងចង់ឃើញ
currencies,រូបិយប័ណ្ណ
currency,រូបិយប័ណ្ណ
current,បច្ចុប្បន្ន
current,ចរន្ត
currently,បច្ចុប្បន្ន
curriculum,កម្មវិធីសិក្សា
cursor,ទស្សន៍ទ្រនិច
curve,ខ្សែកោង
curves,ខ្សែកោង
custody,ការថែរក្សា
custom,ផ្ទាល់ខ្លួន
customer,អតិថិជន
customers,អតិថិជន
customise,ប្ដូរតាមបំណង
customize,ប្ដូរតាមបំណង
customized,ប្ដូរតាមបំណង
customs,គយ
cut,កាត់
cute,គួរឱ្យស្រលាញ់
cuts,កាត់
cutting,កាត់
cyber,ច្បាប់អ៊ិនធឺរណែត
cycle,វដ្ត
cycles,វដ្ត
cycling,ជិះកង់
cylinder,ស៊ីឡាំង
cyprus,ស៊ីប
czech,ឆេក
dad,ប៉ា
daddy,ឪពុក
daily,ប្រចាំថ្ងៃ
dairy,ផលិតផលធ្វើពីទឹកដោះ
daisy,daisy
dakota,ដាកូតា
dale,ដេលនិងស៊ូហ្សានដាវីស
dallas,ដាឡាស
damage,ការខូចខាត
damaged,ខូច
damages,ការខូចខាត
damn,ចង្រៃយ៏
dana,ដាណាអាស៊ី
dance,រាំ
dancing,រាំ
danger,គ្រោះថ្នាក់
dangerous,គ្រោះថ្នាក់
daniel,ដានីយ៉ែល
danish,ភាសាដាណឺម៉ាក
dare,ហ៊ាន
dark,ងងឹត
darkness,ភាពងងឹត
darwin,ដាវីន
dash,សញ្ញាចុច
data,ទិន្នន័យ
database,មូលដ្ឋានទិន្នន័យ
databases,មូលដ្ឋានទិន្នន័យ
date,កាលបរិច្ឆេទ
dated,ចុះកាលបរិច្ឆេទ
dates,កាលបរិច្ឆេទ
dating,ណាត់ជួប
daughter,កូនស្រី
daughters,កូនស្រី
dawn,ព្រឹកព្រលឹម
day,ថ្ងៃ
days,ថ្ងៃ
db,ឌីប៊ី
dc,ឌីស៊ី
dead,ស្លាប់
deadline,ថ្ងៃផុតកំណត់
deadly,ដែលបណ្តាលឱ្យស្លាប់
deaf,ថ្លង់
deal,កិច្ចព្រមព្រៀង
dealer,ឈ្មួញ
dealers,ឈ្មួញ
dealing,ដោះស្រាយ
deals,កិច្ចព្រមព្រៀង
dealt,ដោះស្រាយ
dealtime,ពេលវេលាចរចា
dean,ព្រឹទ្ធបុរស
dear,ជាទីស្រឡាញ់
death,ការស្លាប់
deaths,ការស្លាប់
debate,ការជជែកវែកញែក
debian,ដេប៊ីន
deborah,ដេបូរ៉ា
debt,បំណុល
debug,បំបាត់កំហុស
debut,ចាប់ផ្ដើម
decade,ទសវត្សរ៍
decades,ទសវត្សរ៍
december,ធ្នូ
decent,ការងារសមរម្យ
decide,សម្រេចចិត្ត
decided,បានសម្រេចចិត្ត
decimal,គោលដប់
decision,ការសម្រេចចិត្ត
decisions,ការសម្រេចចិត្ត
deck,នាវា
declaration,សេចក្តីប្រកាស
declare,ប្រកាស
declared,បានប្រកាស
decline,ការធ្លាក់ចុះ
declined,បានបដិសេដ
decor,តុបតែង
decorating,ការតុបតែង
decorative,ការតុបតែងលំអរ
decrease,ថយចុះ
dedicated,ឧទ្ទិស
deemed,សន្មត
deep,ជ្រៅ
deeper,កាន់តែស៊ីជម្រៅ
deeply,ជ្រៅ
deer,សត្វក្តាន់
default,លំនាំដើម
defeat,បរាជ័យ
defects,ការខ្វះខាត
defence,ការពារ
defend,ការពារ
defendant,ចុងចោទ
defense,ការពារ
defensive,ការពារ
deferred,បានពន្យារពេល
deficit,ឥណទានពន្ធកាត់ទុក
define,កំណត់
defined,បានកំណត់
defines,កំណត់
defining,និយមន័យ
definitely,ប្រាកដ
definition,និយមន័យ
definitions,និយមន័យ
degree,សញ្ញាបត្រ
degrees,ដឺក្រេ
delay,ពន្យាពេល
delayed,បានពន្យារ
delays,ការពន្យាពេល
delegation,គណៈប្រតិភូ
delete,លុប
deleted,បានលុប
delhi,ដេលី
delicious,អាហារឆ្ងាញ់
delight,រីករាយ
deliver,ចែកចាយ
delivered,ប្រគល់ជូន
delivering,ការចែកចាយ
delivers,បញ្ជូន
delivery,ការដឹកជញ្ជូន
dell,ដេល
delta,ដីសណ្តរ
deluxe,ប្រណីត
demand,ទាមទារ
demanding,តម្រូវការ
demands,ការទាមទារ
demo,ការបង្ហាញ
democracy,ប្រជាធិបតេយ្យ
democrat,ប្រជាធិបតេយ្យ
democratic,ប្រជាធិបតេយ្យ
democrats,ប្រជាធិបតេយ្យ
demographic,ប្រជាសាស្ត្រ
demonstrate,បង្ហាញ
demonstrated,បានបង្ហាញ
demonstrates,បង្ហាញ
demonstration,ស្រែបង្ហាញ
denial,ការបដិសេធ
denied,បដិសេធ
denmark,ដាណឺម៉ាក
dennis,ដេនីស
dense,ក្រាស់
density,ដង់ស៊ីតេ
dental,ធ្មេញ
dentists,ពេទ្រធ្មេញ
denver,ទីក្រុងDenver
deny,បដិសេធ
department,នាយកដ្ឋាន
departmental,ផ្នែក
departments,នាយកដ្ឋាន
departure,ការចាកចេញ
depend,អាស្រ័យ
dependence,ការពឹងផ្អែក
dependent,អាស្រ័យ
depending,អាស្រ័យ
depends,អាស្រ័យ
deployment,ការដាក់ពង្រាយ
deposit,ប្រាក់បញ្ញើ
deposits,ប្រាក់បញ្ញើ
depot,ដេប៉ូ
depression,ជំងឺធ្លាក់ទឹកចិត្ត
dept,នាយកដ្ឋាន
depth,ជម្រៅ
deputy,អនុប្រធាន
derived,ទទួលបាន
descending,លំដាប់ចុះ
describe,ពិពណ៌នា
described,បានពិពណ៌នា
describes,ពិពណ៌នា
describing,ការពិពណ៌នា
description,ការពិពណ៌នា
descriptions,ការពិពណ៌នា
desert,វាលខ្សាច់
deserve,សមនឹងទទួលបាន
design,រចនា
designated,កំណត់
designation,ការចាត់តាំង
designed,រចនា
designer,អ្នករចនា
designers,អ្នករចនា
designing,ការរចនា
designs,រចនា
desirable,ចង់បាន៖
desire,បំណងប្រាថ្នា
desired,ចង់បាន
desk,តុ
desktop,ផ្ទៃតុ
desktops,កុំព្យូទ័រលើតុ
desperate,អស់សង្ឃឹម
despite,ទោះបីជា
destination,គោលដៅ
destinations,គោលដៅ
destiny,វាសនា
destroy,បំផ្លាញទិន្នន័យ
destroyed,បានបំផ្លាញ
destruction,ការបំផ្លិចបំផ្លាញ
detail,លម្អិត
detailed,លម្អិត
details,លម្អិត
detect,រកឱ្យឃើញ
detected,បានរកឃើញ
detection,ការរកឃើញ
detective,ភ្នាក់ងារស៊ើបអង្កេត
detector,ឧបករណ៍ចាប់សញ្ញា
determination,ការប្តេជ្ញាចិត្ត
determine,កំណត់
determined,កំណត់
determines,កំណត់
determining,ការកំណត់
detroit,ដេត្រយ
deutsch,ភាសាអាល្លឺម៉ង់
deutschland,ប្រទេសអាល្លឺម៉ង់
develop,អភិវឌ្ឍ
developed,អភិវឌ្ឍ
developer,អ្នកអភិវឌ្ឍន៍
developers,អ្នកអភិវឌ្ឍន៍
developing,កំពុងអភិវឌ្ឍ
development,ការអភិវឌ្ឍ
developmental,ការអភិវឌ្ឍន៍៖
developments,ការអភិវឌ្ឍ
develops,បង្កើត
deviant,ខុសប្រក្រតី
deviation,គម្លាត
device,ឧបករណ៍
devices,ឧបករណ៍
devil,អារក្ស
devoted,បានលះបង់
diabetes,ជំងឺទឹកនោមផ្អែម
diagnosis,រោគវិនិច្ឆ័យ
diagnostic,វិនិច្ឆ័យ
diagram,ដ្យាក្រាម
dial,ចុច
dialog,គោលដប់
dialogue,ការសន្ទនា
diameter,អង្កត់ផ្ចិត
diamond,ពេជ្រ
diamonds,ពេជ្រ
diana,ឌីយ៉ាណា
diary,កំណត់ហេតុប្រចាំថ្ងៃ
dice,គ្រាប់ឡុកឡាក់
dictionaries,វចនានុក្រម
dictionary,វចនានុក្រម
did,បាន
die,ស្លាប់
died,ស្លាប់
diego,ឌីហ្គោ
dies,ស្លាប់
diesel,ប្រេងម៉ាស៊ូត
diet,របបអាហារ
dietary,របបអាហារ
diff,ភាពខុសគ្នា
differ,ខុសគ្នា
difference,ភាពខុសគ្នា
differences,ភាពខុសគ្នា
different,ខុសគ្នា
differential,ឌីផេរ៉ង់ស្យែល
differently,ខុសគ្នា
difficult,លំបាក
difficulties,ការលំបាក
difficulty,ការលំបាក
diffs,ភាពខុសគ្នា
dig,ជីក
digest,រំលាយ
digit,តួលេខ
digital,ឌីជីថល
dildo,ឌីលដូ
dildos,ឌីលដូ
dim,អេក្រង់ព្រិលមែនទែន
dimension,វិមាត្រ
dimensional,វិមាត្រ
dimensions,វិមាត្រ
dining,ការទទួលទានអាហារ
dinner,អាហារពេលល្ងាច
dip,ខួង
diploma,សញ្ញាបត្រ
direct,ផ្ទាល់
directed,ដឹកនាំ
direction,ទិសដៅ
directions,ទិសដៅ
directive,បង្គាប់
directly,ដោយផ្ទាល់
director,នាយក
directories,បញ្ជីឈ្មោះ
directors,នាយក
directory,បញ្ជីឈ្មោះ
dirt,កខ្វក់
dirty,កខ្វក់
disabilities,ពិការភាព
disability,ពិការភាព
disable,បិទ
disabled,ពិការ
disagree,មិនយល់ស្រប
disappointed,ខកចិត្ត
disaster,គ្រោះមហន្តរាយ
disc,ឌីស
discharge,ជំងឺធ្លាក់ស
disciplinary,វិន័យ
discipline,វិន័យ
disciplines,វិន័យ
disclaimer,ការបដិសេធ
disclaimers,សេចក្តីប្រកាសបដិសេធមិនទទួលខុសត្រូវ
disclose,បង្ហាញ
disclosure,ការបង្ហាញ
disco,ឌីស្កូ
discount,ការបញ្ចុះតម្លៃ
discounted,ការបញ្ចុះតម្លៃ
discounts,ការបញ្ចុះតម្លៃ
discover,រកឃើញ
discovered,បានរកឃើញ
discovery,ការរកឃើញ
discrete,ដោយឯកឯង
discretion,ឆន្ទានុសិទ្ធិ
discrimination,ការរើសអើង
discs,ឌីស
discuss,ពិភាក្សា
discussed,បានពិភាក្សា
discusses,ពិភាក្សា
discussing,ពិភាក្សា
discussion,ការពិភាក្សា
discussions,ការពិភាក្សា
disease,ជំងឺ
diseases,ជំងឺ
dish,ចាន
dishes,មុខម្ហូប
disk,ថាស
disks,ថាស
disney,ឌីស្នី
disorder,វិបល្លាស
disorders,ភាពមិនប្រក្រតី
dispatch,បញ្ជូន
dispatched,បានបញ្ជូន
display,បង្ហាញ
displayed,បានបង្ហាញ
displaying,ការបង្ហាញ
displays,ការបង្ហាញ
disposal,ការចោល
disposition,អជ្ឈាស័យ
dispute,វិវាទ
disputes,វិវាទ
distance,ចម្ងាយ
distances,ចម្ងាយ
distant,នៅឆ្ងាយ
distinct,ចម្ងាយ
distinction,ភាពខុសគ្នា
distinguished,ប្លែក
distribute,ចែកចាយ
distributed,ចែកចាយ
distribution,ការចែកចាយ
distributions,ការចែកចាយ
distributor,អ្នកចែកចាយ
distributors,អ្នកចែកចាយ
district,ស្រុក
districts,ស្រុក
disturbed,រំខាន
div,<div>
dive,លោតទឹក
diverse,ចម្រុះ
diversity,ភាពចម្រុះ
divide,ចែក
divided,បែងចែក
dividend,ភាគលាភ
divine,ព្រះ
diving,មុជទឹក
division,ការបែងចែក
divisions,ការបែងចែក
divorce,ការលែងលះ
diy,ធ្វើវាដោយខ្លួនឯង
dj,ឌីជេ
dk,អត់ដឹង
dns,DNS
doc,ឯកសារ
dock,ចូលផែ
docs,ឯកសារ
doctor,វេជ្ជបណ្ឌិត
doctors,វេជ្ជបណ្ឌិត
doctrine,លទ្ធិ
document,ឯកសារ
documentary,ឯកសារ
documentation,ឯកសារ
documented,បានចងក្រងជាឯកសារ
documents,ឯកសារ
dodge,គេច
does,ធ្វើ
dog,ឆ្កែ
dogs,សត្វឆ្កែ
doing,ធ្វើ
doll,តុក្កតា
dollar,ដុល្លារ
dollars,ដុល្លារ
dolls,តុក្កតា
dom,មែកធាងDOM
domain,ដែន
domains,ដែន
dome,ដូម
domestic,ក្នុងស្រុក
dominant,ហ្សែនលេចធ្លោ
dominican,ដូមីនីក
donald,ដូណាល់
donate,បរិច្ចាគ
donated,បរិច្ចាគ
donation,ការបរិច្ចាគ
donations,ការបរិច្ចាគ
done,រួចរាល់
donna,ដូណា
donor,អនុប្បទានិក
donors,ម្ចាស់ជំនួយ
doom,វិនាស
door,ទ្វារ
doors,ទ្វារ
dosage,ការប្រើប្រាស់
dose,កម្រិតថ្នាំ
double,ទ្វេ
doubt,សង្ស័យ
dover,ដូវើ
down,ចុះ
download,ទាញយក
downloadable,អាចទាញយកបាន
downloaded,បានទាញយក
downloading,កំពុងទាញយក
downloads,ទាញយក
downtown,ទីប្រជុំជន
dozen,មួយឡូ
dozens,រាប់សិបនាក់
draft,សេចក្តីព្រាង
drag,អូស
dragon,នាគ
drain,បង្ហូរ
drainage,លូបង្ហូរទឹក
drama,ល្ខោន
dramatic,គួរឱ្យព្រឺព្រួច
dramatically,គួរឱ្យកត់សម្គាល់
draw,គូរ
drawing,គំនូរ
drawings,គំនូរ
drawn,គូរ
draws,គូរ
dream,សុបិន្ត
dreams,សុបិន្ត
dress,រ៉ូប
dressed,ស្លៀកពាក់
dresses,រ៉ូប
dressing,ការស្លៀកពាក់
drew,បានគូរ
dried,ស្ងួត
drill,ខួង
drilling,ការខួង
drink,ផឹក
drinking,ផឹក
drinks,ផឹក
drive,បើកបរ
driven,ជំរុញ
driver,អ្នកបើកបរ
drivers,អ្នកបើកបរ
drives,ដ្រាយ
driving,ការបើកបរ
drop,ទម្លាក់
dropped,បានធ្លាក់ចុះ
drops,ដំណក់
drove,បើកបរ
drug,ថ្នាំ
drugs,ថ្នាំ
drum,ស្គរ
drums,ស្គរ
drunk,ប្រមឹក
dry,ស្ងួត
dryer,ម៉ាស៊ីនសម្ងួត
dual,ទ្វេ
dubai,ឌុយបៃ
dublin,ឌូប្លីន
duck,សត្វទា
dude,បង
due,ដល់កំណត់
duke,អ្នកឧកញ៉ា
dumb,ល្ងីល្ងើ
dump,បោះបង់ចោល
duo,គូ
duplicate,ស្ទួន
durable,ប្រើប្រាស់បានយូរ
duration,រយៈពេល
during,ក្នុងអំឡុងពេល
dust,ធូលី
dutch,ហូឡង់
duties,ភារកិច្ច
duty,កាតព្វកិច្ច
dvd,ឌីវីឌី
dvds,ឌីវីឌី
dying,ការស្លាប់
dylan,ឌីឡាន
dynamic,ថាមវន្ត
dynamics,ថាមវន្ត
each,រាល់
eagle,ឥន្ទ្រី
eagles,ឥន្ទ្រី
ear,ត្រចៀក
earl,ត្រចៀក
earlier,មុន
earliest,ដំបូងបំផុត
early,ដើម
earn,រកបាន
earned,ទទួលបាន
earning,ប្រាក់ចំណូល
earnings,ប្រាក់ចំណូល
earrings,ក្រវិល
ears,ត្រចៀក
earth,ផែនដី
earthquake,រញ្ជួយផែនដី
ease,ភាពងាយស្រួល
easier,ងាយស្រួលជាង
easily,យ៉ាងងាយស្រួល
east,ខាងកើត
eastern,ភាគខាងកើត
easy,ងាយស្រួល
eat,បរិភោគ
eating,បរិភោគ
ebay,អ៊ីបេ
ebony,អេបូន
ebook,eBook
ebooks,សៀវភៅអេឡិចត្រូនិក
echo,បន្ទរ
eclipse,ច័ន្ទគ្រាស
eco,អេកូ
ecological,អេកូឡូស៊ី
ecology,អេកូឡូស៊ី
ecommerce,ពាណិជ្ជកម្មអេឡិចត្រូនិច
economic,សេដ្ឋកិច្ច
economics,សេដ្ឋកិច្ច
economies,វិមាត្រ
economy,សេដ្ឋកិច្ច
ecuador,អេក្វាទ័រ
eden,អេដែន
edgar,អេដហ្គា
edge,គែម
edges,គែម
edinburgh,អេឌីនបឺក
edit,កែសម្រួល
edited,បានកែសម្រួល
editing,ការកែសម្រួល
edition,បោះពុម្ព
editions,ការបោះពុម្ពផ្សាយ
editor,កម្មវិធីនិពន្ធ
editorial,វិចារណកថា
editorials,វិចារណកថា
editors,អ្នកកែសម្រួល
educated,ការអប់រំ
education,ការអប់រំ
educational,អប់រំ
educators,អ្នកអប់រំ
effect,ឥទ្ធិពល
effective,មានប្រសិទ្ធភាព
effectively,ប្រកបដោយប្រសិទ្ធភាព
effectiveness,ប្រសិទ្ធភាព
effects,ផលប៉ះពាល់
efficiency,ប្រសិទ្ធភាព
efficient,ប្រសិទ្ធភាព
efficiently,ប្រសិទ្ធភាព
effort,ការខិតខំប្រឹងប្រែង
efforts,ការខិតខំប្រឹងប្រែង
egg,ស៊ុត
egypt,អេហ្ស៊ីប
egyptian,ជនជាតិអេហ្ស៊ីប
eight,ប្រាំបី
either,ទាំង
ejaculation,ការបញ្ចេញទឹកកាម
elder,មនុស្សចាស់
elderly,មនុស្សចាស់
elect,ជ្រើសរើស
elected,ជាប់ឆ្នោត
election,ការបោះឆ្នោត
elections,ការបោះឆ្នោត
electoral,អ្នកបោះឆ្នោត
electric,អគ្គិសនី
electrical,អគ្គិសនី
electricity,អគ្គិសនី
electro,អេឡិចត្រូ
electron,អេឡិចត្រុង
electronic,អេឡិចត្រូនិក
electronics,អេឡិចត្រូនិក
elegant,មានប្រណិតភាព
element,ធាតុ
elementary,បឋមសិក្សា
elements,ធាតុ
elephant,សត្វដំរី
elevation,កម្ពស់
eleven,១១
eligibility,សិទ្ធិ
eligible,មានសិទ្ធិ
eliminate,លុបចោល
elimination,ការលុបបំបាត់
elite,វរជន
elizabeth,អេលីសាបេត
ellis,រាងពងក្រពើ
else,ផ្សេងទៀត
elsewhere,កន្លែងផ្សេងទៀត
elvis,អេលវីស
emacs,Emacs
email,អ៊ីមែល
emails,អ៊ីមែល
embassy,ស្ថានទូត
embedded,បង្កប់
emerald,ត្បូងមរកត
emergency,គ្រាអាសន្ន
emerging,លេចឡើង
emily,អេមីលី
eminem,អ៊ីមីន
emirates,សហរដ្ឋអេមីរ៉ាត
emission,ការចែកចាយឲ្យប្រើ
emissions,ការបំភាយឧស្ម័ន
emotional,អារម្មណ៍
emotions,អារម្មណ៍
emperor,អធិរាជ
emphasis,ការសង្កត់ធ្ងន់
empire,ចក្រភព
empirical,បទពិសោធន៍
employ,និយោជិត
employed,បានធ្វើការ
employee,បុគ្គលិក
employees,បុគ្គលិក
employer,និយោជក
employers,និយោជក
employment,ការងារ
empty,ទទេ
enable,បើក
enabled,បានបើកដំណើរការ
enables,បើក
enabling,អនុញ្ញាត
enclosed,ភ្ជាប់ជូន៖
enclosure,ឯកសារភ្ជាប់
encoding,បំលែង
encounter,ជួប
encountered,បានជួប
encourage,លើកទឹកចិត្ត
encouraged,លើកទឹកចិត្ត
encourages,លើកទឹកចិត្ត
encouraging,ការលើកទឹកចិត្ត
encryption,ការអ៊ីនគ្រីប
encyclopedia,សព្វវចនាធិប្បាយ
end,ចុង
endangered,គ្មានតទៅទៀតទេ
ended,បានបញ្ចប់
ending,ការបញ្ចប់
endless,គ្មានទីបញ្ចប់
endorsed,គាំទ្រ
endorsement,បដ្ឋិលេខ
ends,ចុង
enemies,សត្រូវ
enemy,សត្រូវ
energy,ថាមពល
enforcement,ការអនុវត្ត
engage,ចូលរួម
engaged,ភ្ជាប់ពាក្យ
engagement,ការចូលរួម
engaging,ចូលរួម
engine,ម៉ាស៊ីន
engineer,វិស្វករ
engineering,វិស្វកម្ម
engineers,វិស្វករ
engines,ម៉ាស៊ីន
england,អង់គ្លេស
english,អង់គ្លេស
enhance,លើកកំពស់
enhanced,ប្រសើរឡើង
enhancement,ការធ្វើឱ្យប្រសើរឡើង
enhancements,ការធ្វើឱ្យប្រសើរឡើង
enhancing,ការធ្វើឱ្យប្រសើរឡើង
enjoy,រីករាយ
enjoyed,រីករាយ
enjoying,រីករាយ
enlarge,ពង្រីក
enlargement,ការពង្រីក
enormous,ដ៏ធំសម្បើម
enough,គ្រប់គ្រាន់
enquiries,សំណួរ
enquiry,ការសាកសួរ
enrolled,បានចុះឈ្មោះ
enrollment,ការចុះឈ្មោះ
ensemble,ប្រជុំ
ensure,ធានា
ensures,ធានា
ensuring,ការធានា
enter,ចូល
entered,ចូល
entering,ចូល
enterprise,សហគ្រាស
enterprises,សហគ្រាស
enters,បញ្ចូល
entertaining,ការកម្សាន្ត
entertainment,ការកម្សាន្ត
entire,ទាំងមូល
entirely,ទាំងស្រុង
entities,អង្គភាព
entitled,មានសិទ្ធិ
entity,អង្គភាព
entrance,ច្រកចូល
entrepreneur,សហគ្រិន
entrepreneurs,សហគ្រិន
entries,ធាតុ
entry,ការចូល
envelope,ស្រោមសំបុត្រ
environment,បរិស្ថាន
environmental,បរិស្ថាន
environments,បរិស្ថាន
enzyme,អង់ស៊ីម
epic,រឿងព្រេងនិទាន
epinions,
episode,វគ្គ
episodes,ភាគ
epson,អេបសុន
equal,ស្មើ
equality,សមភាព
equally,ស្មើគ្នា
equation,សមីការ
equations,សមីការ
equilibrium,លំនឹង
equipment,ឧបករណ៍
equipped,បំពាក់
equity,សមធម៌
equivalent,សមមូល
era,សម័យ
ericsson,អេរិកសុន
erotic,មនោសញ្ចេតនា
erotica,ធ្វើឲ្យមានអារម្មណផ្លូវភេទ
error,កំហុស
escape,រត់គេចខ្លួន
escort,អ្នកអមដំណើរ
especially,ជាពិសេស
essay,អត្ថបទ
essays,អត្ថបទ
essence,ខ្លឹមសារ
essential,ចាំបាច់
essentially,សំខាន់
essentials,ដែលមានសារៈសំខាន់
essex,អេសសិច
establish,បង្កើត
established,បានបង្កើតឡើង
establishing,ការបង្កើត
establishment,គ្រឹះស្ថាន
estate,អចលនទ្រព្យ
estates,អចលនទ្រព្យ
estimate,ការប៉ាន់ប្រមាណ
estimated,ប៉ាន់ស្មាន
estimates,ការប៉ាន់ស្មាន
estimation,ការប៉ាន់ស្មាន
estonia,អេស្តូនី
eternal,អស់កល្បជានិច្ច
ethernet,អ៊ីសឺរណិត
ethical,ក្រមសីលធម៌
ethics,ក្រមសីលធម៌
ethiopia,អេត្យូពី
ethnic,ជនជាតិ
euro,អឺរ៉ូ
europe,អឺរ៉ុប
european,អឺរ៉ុប
euros,ប្រាក់អឺរ៉ូ
eval,វាយតម្លៃ
evaluate,វាយតំលៃ
evaluated,បានវាយតម្លៃ
evaluating,ការវាយតម្លៃ
evaluation,ការវាយតម្លៃ
evaluations,ការវាយតម្លៃ
evanescence,ការសាបសូន្យ
eve,យប់
even,សូម្បីតែ
evening,ល្ងាច
event,ព្រឹត្តិការណ៍
events,ព្រឹត្តិការណ៍
eventually,នៅទីបំផុត
ever,ធ្លាប់
every,រៀងរាល់
everybody,អ្នករាល់គ្នា
everyday,ជារៀងរាល់ថ្ងៃ
everyone,គ្រប់គ្នា
everything,អ្វីគ្រប់យ៉ាង
everywhere,គ្រប់កន្លែង
evidence,ភស្តុតាង
evident,ជាក់ស្តែង
evil,អាក្រក់
evolution,ការវិវត្តន៍
exact,ពិតប្រាកដ
exactly,ពិតប្រាកដ
exam,ការប្រឡង
examination,ការពិនិត្យ
examinations,ការប្រឡង
examinations,ការបពិនិត្យ
examine,ពិនិត្យ
examined,យើងបានពិនិត្យ
examines,ពិនិត្យ
examining,ការត្រួតពិនិត្យ
example,ឧទាហរណ៍
examples,ឧទាហរណ៍
exams,ការប្រឡង
exceed,លើស
excel,ឯកសារExcel
excellence,ឧត្តមភាព
excellent,ល្អឥតខ្ចោះ
except,លើកលែងតែ
exception,ករណីលើកលែង
exceptional,ពិសេស
exceptions,ករណីលើកលែង
excerpt,សម្រង់
excess,លើស
excessive,លើស
exchange,ដោះដូរ
exchanges,ការផ្លាស់ប្តូរ
excited,រំភើប
excitement,រំភើប
exciting,គួរឱ្យរំភើប
exclude,មិនរួមបញ្ចូល
excluded,មិនរាប់បញ្ចូល
excluding,មិនរាប់បញ្ចូល
exclusion,ការដក
exclusive,ផ្តាច់មុខ
exclusively,ជាក់លាក់
excuse,សូមអភ័យទោស
exec,ប្រតិបត្តិ
execute,ប្រតិបត្តិ
executed,បានប្រតិបត្តិ
execution,ការប្រតិបត្តិ
executive,នាយកប្រតិបត្តិ
executives,ប្រតិបត្តិករ
exempt,ត្រូវបានលើកលែង
exemption,ការលើកលែង
exercise,លំហាត់ប្រាណ
exercises,លំហាត់
exhaust,ផ្សែង
exhibit,ពិព័រណ៍
exhibition,ពិព័រណ៍
exhibitions,ការតាំងពិព័រណ៍
exhibits,ការបង្ហាញ
exist,មាន
existed,មាន
existence,អត្ថិភាព
existing,ដែលមានស្រាប់
exists,មាន
exit,ចេញ
exotic,អកុសល
exp,កាលបរិច្ឆេទ
expand,ពង្រីក
expanded,បានពង្រីក
expanding,កំពុងពង្រីក
expansion,ការពង្រីក
expansys,ពង្រីក
expect,រំពឹង
expectations,ការរំពឹងទុក
expected,រំពឹងទុក
expects,រំពឹងទុក
expedia,Expedia
expenditure,ការចំណាយ
expenditures,ការចំណាយ
expense,ចំណាយ
expenses,ការចំណាយ
expensive,ថ្លៃ
experience,បទពិសោធន៍
experienced,មានបទពិសោធន៍
experiences,បទពិសោធន៍
experiencing,កំពុងជួបប្រទះ
experiment,ពិសោធន៍
experimental,ពិសោធន៍
experiments,ការពិសោធន៍
expert,អ្នកជំនាញ
expertise,ជំនាញ
experts,អ្នកជំនាញ
expiration,ផុតកំណត់
expired,ផុតកំណត់
expires,ផុតកំណត់
explain,ពន្យល់
explained,បានពន្យល់
explaining,ពន្យល់
explains,ពន្យល់
explanation,ការពន្យល់
explicit,ជាក់ស្ដែង
explicitly,យ៉ាងជាក់លាក់
exploration,ការរុករក
explore,រុករក
explorer,អ្នករុករក
exploring,ការសែ្វងរក
explosion,ការផ្ទុះ
expo,ពិព័រណ៍
export,នាំចេញ
exports,នាំចេញ
exposed,លាតត្រដាង
exposure,ការប៉ះពាល់
express,បង្ហាញ
expressed,បានសម្តែង
expression,កន្សោម
expressions,ការបង្ហាញ
ext,ផ្នែកបន្ថែម
extend,ពង្រីក
extended,ពង្រីក
extending,កំពុងពង្រីក
extends,ពន្យា
extension,ផ្នែកបន្ថែម
extensions,ផ្នែកបន្ថែម
extensive,ទូលំទូលាយ
extent,វិសាលភាព
exterior,ផ្នែកខាងក្រៅ
external,ខាងក្រៅ
extra,បន្ថែម
extract,ស្រង់ចេញ
extraction,ការស្រង់ចេញ
extraordinary,បវិមាណ
extras,បន្ថែម
extreme,ខ្លាំង
extremely,យ៉ាងខ្លាំង
eye,ភ្នែក
eyes,ភ្នែក
fabric,ក្រណាត់
fabrics,ផលិតផល
fabulous,អស្ចារ្យ
face,មុខ
faced,ប្រឈមមុខ
faces,មុខ
facial,មុខ
facilitate,សម្រួល
facilities,គ្រឿងបរិក្ខារ
facility,គ្រឿងបរិក្ខារ
facing,ប្រឈមមុខ
fact,ការពិត
factor,កត្តា
factors,កត្តា
factory,រោងចក្រ
facts,អង្គហេតុ
faculty,មហាវិទ្យាល័យ
fail,បរាជ័យ
failed,បរាជ័យ
failing,មិនមាន
fails,បរាជ័យ
failure,បរាជ័យ
failures,ការបរាជ័យ
fair,យុត្តិធម៌
fairly,ដោយយុត្តិធម៌
fairy,ទេពអប្សរ
faith,ជំនឿ
fake,ក្លែងក្លាយ
fall,ធ្លាក់
fallen,ធ្លាក់
falling,ធ្លាក់
falls,ធ្លាក់
false,មិនពិត
fame,ភាពល្បីល្បាញ
familiar,ធ្លាប់ស្គាល់
families,គ្រួសារ
family,គ្រួសារ
famous,ល្បី
fan,អ្នកគាំទ្រ
fancy,ស្អាត
fans,អ្នកគាំទ្រ
fantastic,អស្ចារ្យ
fantasy,រវើរវាយ
faq,សំណួរដែលសួរញឹកញាប់
faqs,សំណួរដែលគេសួរញឹកញាប់
far,ឆ្ងាយ
fare,តម្លៃសំបុត្រ
fares,តម្លៃ
farm,កសិដ្ឋាន
farmer,កសិករ
farmers,កសិករ
farming,ធ្វើស្រែ
farms,កសិដ្ឋាន
fascinating,គួរឱ្យចាប់អារម្មណ៍
fashion,ម៉ូដ
fast,លឿន
faster,លឿនជាង
fastest,លឿនបំផុត
fat,ខ្លាញ់
fatal,ដែលនំាឱ្យស្លាប់
fate,ជោគវាសនា
father,ឪពុក
fathers,ឪពុក
fatty,ខ្លាញ់
fault,កំហុស
favor,អនុគ្រោះ
favorite,សំណព្វ
favorites,សំណព្វ
favors,ចំណូលចិត្ត
favour,អនុគ្រោះ
favourite,សំណព្វ
favourites,សំណព្វ
fax,ទូរសារ
fear,ការភ័យខ្លាច
fears,ការភ័យខ្លាច
feature,លក្ខណៈ
featured,លក្ខណៈពិសេស
features,លក្ខណៈពិសេស
featuring,លក្ខណៈពិសេស
february,ខែកុម្ភៈ
federal,សហព័ន្ធ
federation,សហព័ន្ធ
fee,ថ្លៃឈ្នួល
feed,ចំណី
feedback,មតិយោបល់
feeding,ការចិញ្ចឹម
feeds,មតិព័ត៌មាន
feel,មានអារម្មណ៍
feeling,អារម្មណ៍
feelings,អារម្មណ៍
feels,មានអារម្មណ៍
fees,ថ្លៃឈ្នួល
feet,ជើង
fell,ធ្លាក់
fellow,មិត្ត
fellowship,សហគមន៍
felt,មានអារម្មណ៍
female,ស្ត្រី
females,ស្ត្រី
fence,របង
ferrari,ហ្វឺរ៉ារី
ferry,សាឡាង
festival,ពិធីបុណ្យ
festivals,ពិធីបុណ្យ
fever,គ្រុនក្តៅ
few,ពីរបី
fewer,តិច
fiber,ជាតិសរសៃ
fibre,ជាតិសរសៃ
fiction,ប្រឌិត
field,វិស័យ
fields,វិស័យ
fifteen,ដប់ប្រាំ
fifth,ទីប្រាំ
fifty,ហាសិប
fig,រូបភព
fight,ប្រយុទ្ធ
fighter,អ្នកប្រយុទ្ធ
fighters,អ្នកប្រយុទ្ធ
fighting,ការប្រយុទ្ធគ្នា
figure,រូប
figured,បានគណនា
figures,តួលេខ
file,ឯកសារ
filed,បានដាក់ឯកសារ
filename,ឈ្មោះឯកសារ
files,ឯកសារ
filing,ឯកសារ
fill,បំពេញ
filled,បំពេញ
filling,ការបំពេញ
film,ខ្សែភាពយន្ត
films,ភាពយន្ត
filter,តម្រង
filtering,តម្រង
filters,តម្រង
final,ចុងក្រោយ
finally,ចុងក្រោយ
finals,វគ្គផ្តាច់ព្រ័ត្រ
finance,ហិរញ្ញវត្ថុ
finances,ហិរញ្ញវត្ថុ
financial,ហិរញ្ញវត្ថុ
financing,ហិរញ្ញប្បទាន
find,ស្វែងរក
findarticles,បំណែកដែលរកឃើញ
finder,អ្នកស្វែងរក
finding,ការស្វែងរក
findings,ការរកឃើញ
findlaw,ច្បាប់រកឃើញ
finds,ស្វែងរក
fine,ផាកពិន័យ
finest,ល្អបំផុត
finger,ម្រាមដៃ
fingering,ម្រាមដៃ
fingers,ម្រាមដៃ
finish,បញ្ចប់
finished,បានបញ្ចប់
finishing,បញ្ចប់
finite,កំណត់
finland,ហ្វាំងឡង់
finnish,ភាសាហ្វាំងឡង់
fire,ភ្លើង
fired,បានបាញ់-ត្រូវបានបណ្ដេញចេញ
firefox,FirefoxName
fireplace,កន្លែងដុត
fires,អគ្គីភ័យ
firewall,ជញ្ជាំងភ្លើង
firewire,ខ្សែភ្លើង
firm,រឹងមាំ
firms,ក្រុមហ៊ុន
firmware,កម្មវិធីបង្កប់៖
first,ដំបូង
first,ទីមួយ
fiscal,សារពើពន្ធ
fish,ត្រី
fisheries,ការនេសាទ
fishing,ការនេសាទ
fist,កណ្តាប់ដៃ
fisting,កណ្តាប់ដៃ
fit,សម
fitness,សម្បទា
fits,សម
fitted,បំពាក់
fitting,សម
five,ប្រាំ
fix,ជួសជុល
fixed,ថេរ
fixes,ជួសជុល
fixtures,គ្រឿងបរិក្ខារ
flag,ទង់ជាតិ
flags,ទង់ជាតិ
flame,អណ្តាតភ្លើង
flash,ពន្លឺ
flashing,ពន្លឺ
flat,ផ្ទះល្វែង
flavor,លក្ខណៈ
fleece,រមួល
fleet,គ្រប់គ្រងយានយន្ត
flesh,សាច់
flex,ការបត់បែនបន្ត
flexibility,ភាពបត់បែន
flexible,អាចបត់បែនបាន
flight,ការហោះហើរ
flights,ជើងហោះហើរ
flip,ត្រឡប់
float,អណ្តែត
floating,អណ្ដែត
flood,ទឹកជំនន់
floor,ជាន់
flooring,កម្រាលឥដ្ឋ
floors,កម្រាល
floppy,ថាសទន់
floral,ផ្កា
florida,ផ្លរីដា
florist,អ្នកលក់ផ្កា
florists,អ្នកលក់ផ្កា
flour,ម្សៅសណ្តែក
flow,លំហូរ
flower,ផ្កា
flowers,ផ្កា
flows,លំហូរ
flu,គ្រុនផ្តាសាយ
fluid,សារធាតុរាវ
flush,អណ្តែត
flux,លំហូរ
fly,ហោះហើរ
flyer,ខិត្តប័ណ្ណ
flying,ការហោះហើរ
foam,ស្នោ
focal,ដែលប្រសព្វគ្នា
focus,ការផ្តោតអារម្មណ៍
focused,ផ្តោត
focuses,ផ្ដោត
focusing,ការផ្តោតអារម្មណ៍
fog,អ័ព្ទ
fold,បត់
folder,ថតឯកសារ
folders,ថត
folding,បត់
folk,ប្រជាប្រិយ
folks,មនុស្ស
follow,ធ្វើតាម
followed,តាម
following,ខាងក្រោម
follows,តាម
font,ពុម្ពអក្សរ
fonts,ពុម្ពអក្សរ
food,អាហារ
foods,អាហារ
fool,ល្ងីល្ងើ
foot,ជើង
footage,រូបភាព
football,បាល់ទាត់
footwear,ស្បែកជើង
for,សម្រាប់
forbes,ហ្វបស៍
forbidden,ហាមឃាត់
force,កម្លាំង
forced,បង្ខំ
forces,កងកម្លាំង
ford,ហ្វដ
forecast,ការព្យាករណ៍
forecasts,ព្យាករណ៍:
foreign,បរទេស
forest,ព្រៃ
forestry,ព្រៃឈើ
forests,ព្រៃឈើ
forever,ជារៀងរហូត
forget,ភ្លេច
forgot,ភ្លេច
forgotten,ភ្លេច
fork,សម
form,ទម្រង់
formal,ផ្លូវការ
format,ទម្រង់
formation,ការបង្កើត
formats,ទម្រង់
formatting,ការកំណត់ពុម្ពអក្សរ
formed,បានបង្កើតឡើង
former,អតីត
formerly,ពីមុន
forming,ការបង្កើត
forms,ទម្រង់
formula,រូបមន្ត
fort,បន្ទាយ
forth,ទៅមុខ
fortune,សំណាង
forty,សែសិប
forum,វេទិកា
forums,វេទិកា
forward,ទៅមុខ
forwarding,ទៅមុខ
fossil,ផូស៊ីល
foster,ចិញ្ចឹម
foto,រូបថត
fotos,រូបថត
fought,បានប្រយុទ្ធ
foul,ស្មុគស្មាញ
found,បានរកឃើញ
foundation,គ្រឹះ
foundations,មូលនិធិ
founded,បានបង្កើតឡើង
founder,ស្ថាបនិក
fountain,ប្រភពទឹក
four,បួន
fourth,ទីបួន
fox,កញ្ជ្រោង
fraction,ប្រភាគ
fragrance,ក្លិនក្រអូប
fragrances,ក្លិនក្រអូប
frame,ស៊ុម
framed,ស៊ុម
frames,ស៊ុម
framework,ក្របខ័ណ្ឌ
framing,ស៊ុម
france,បារាំង
franchise,សិទ្ធិផ្តាច់មុខ
francis,ហ្វ្រង់ស៊ីស
francisco,ហ្វ្រង់ស៊ីស្កូ
frank,ដោយត្រង់
frankfurt,ហ្វ្រែងហ្វើត
franklin,ហ្វ្រែងគ្លីន
fraud,ការក្លែងបន្លំ
fred,ហ្វ្រេដ
free,ឥតគិតថ្លៃ
freebsd,FreeBSD
freedom,សេរីភាព
freelance,អ្នកឯករាជ្យ
freely,ដោយសេរី
freeware,កម្មវិធីឥតគិតថ្លៃ
freeze,កក
freight,ការដឹកជញ្ជូនទំនិញ:
french,បារាំង
frequencies,ប្រេកង់
frequency,ប្រេកង់
frequent,ញឹកញាប់
frequently,ជាញឹកញាប់
fresh,ស្រស់
friday,ថ្ងៃសុក្រ
fridge,ទូរទឹកកក
friend,មិត្តភក្ដិ
friend,មិត្ត
friendly,មិត្តភាព
friends,មិត្ត
friendship,មិត្តភាព
frog,កង្កែប
from,ពី
front,ខាងមុខ
frontpage,ទំព័រមុខ
frost,អ័ព្វ
frozen,កក
fruit,ផ្លែឈើ
fruits,ផ្លែឈើ
ftp,FTP
fuck,ជល់
fucking,អាក្រក់ណាស់
fuel,ឥន្ធនៈ
fuji,ក្រុមហ៊ុនFuji
fujitsu,ហ្វូជីសឹ
full,ពេញ
fully,យ៉ាងពេញលេញ
fun,សប្បាយ
function,មុខងារ
functional,មុខងារ
functionality,មុខងារ
functioning,ដំណើរការ
functions,មុខងារ
fund,មូលនិធិ
fundamental,មូលដ្ឋាន
fundamentals,មូលដ្ឋានគ្រឹះ
funded,ផ្តល់មូលនិធិ
funding,មូលនិធិ
fundraising,ការរៃអង្គាសប្រាក់
funds,មូលនិធិ
funeral,ពិធីបុណ្យសព
funk,គួរឲ្យខ្លាច
funky,ទាន់សម័យ
funny,កំប្លែង
fur,រោម
furnished,ធ្វើរួច
furnishings,គ្រឿងសង្ហារឹម
furniture,គ្រឿងសង្ហារិម
further,បន្ថែមទៀត
furthermore,បន្ថែមទៀត
fusion,លាយ
future,អនាគត
futures,អនាគត
fuzzy,ស្រពិចស្រពិល
gabriel,សានហ្គាព្រីលខាងលិច
gadgets,ឧបករណ៍
gain,ចំណេញ
gained,បានឈ្នះ
gains,ប្រាក់ចំណេញ
galaxy,កាឡាក់ស៊ី
gale,ពណ៌ប្រផេះ
galleries,វិចិត្រសាល
gallery,វិចិត្រសាល
gambling,ល្បែងស៊ីសង
game,ហ្គេម
gamecube,
games,ហ្គេម
gamespot,កន្លែងលេងហ្គេម
gaming,ការលេងហ្គេម
gamma,ហ្គាម៉ា
gang,ក្រុម
gangbang,
gap,គម្លាត
gaps,ចន្លោះ
garage,យានដ្ឋាន
garbage,សំរាម
garden,សួន
gardening,ការថែសួន
gardens,សួនច្បារ
garlic,ខ្ទឹមស
gary,ហ្គារី
gas,ឧស្ម័ន
gasoline,ប្រើសាំង
gate,ច្រកទ្វារ
gates,ច្រកទ្វារ
gateway,ច្រកផ្លូវ
gather,ប្រមូល
gathered,បានប្រមូល
gathering,ការប្រមូលផ្តុំ
gauge,រង្វាស់ភ្លៀង
gave,បានផ្តល់ឱ្យ
gay,ស្រឡាញ់ភេទដូចគ្នា
gays,ស្រឡាញ់ភេទដូចគ្នា
gazette,កាសែត
gdp,ផលិតផលសរុបក្នុងស្រុក
gear,ឧបករណ៍
gem,ត្បូង
gender,ភេទ
gene,ហ្សែន
genealogy,ពង្សាវតារ
general,ទូទៅ
generally,ជាទូទៅ
generate,បង្កើត
generated,បានបង្កើត
generates,បង្កើត
generating,បង្កើត
generation,ជំនាន់
generations,ជំនាន់
generator,ម៉ាស៊ីនភ្លើង
generators,ជម្រើសទូទៅ
generic,ទូទៅ
generous,សប្បុរស
genes,ហ្សែន
genesis,លោកុប្បត្តិ
genetic,ហ្សែន
genetics,ពន្ធុវិទ្យា
genius,មានទេពកោសល្យ
genome,ហ្សែន
genre,ប្រភេទ
genres,ចង្វាក់
gentle,ទន់ភ្លន់
gentleman,ឯកឧត្ដម
gently,ទន់ភ្លន់
genuine,ពិតប្រាកដ
geo,ឧបករណ៍ធរណីមាត្រ
geographic,ភូមិសាស្ត្រ
geographical,ទីកន្លែង
geography,ភូមិសាស្ត្រ
geological,ភូគព្ភសាស្ត្រ
geology,ភូគព្ភសាស្ត្រ
geometry,ធរណីមាត្រ
george,ចច
georgia,ហ្សកហ្ស៊ី
german,អាល្លឺម៉ង់
germany,អាល្លឺម៉ង់
get,ទទួល
gets,ទទួល
getting,ទទួល
ghana,ហ្កាណា
ghost,ខ្មោច
giant,យក្ស
giants,មហាសេដ្ឋី
gibson,Gibson
gift,អំណោយ
gifts,អំណោយ
gilbert,កោះហ្គីលប៊ើត
girl,ក្មេងស្រី
girlfriend,មិត្តស្រី
girls,ក្មេងស្រី
give,ផ្តល់
given,បានផ្តល់ឱ្យ
gives,ផ្តល់
giving,ការផ្តល់
glad,រីករាយ
glance,ក្រឡេកមើល
glasgow,ទីក្រុងglasgow
glass,កញ្ចក់
glasses,វ៉ែនតា
global,សកល
globe,ពិភពលោក
glory,សិរីរុងរឿង
glossary,សទ្ទានុក្រម
gloves,ស្រោមដៃ
glow,ភ្លឺ
glucose,ជាតិគ្លុយកូស
gnu,ហ្នូ
goal,គោលដៅ
goals,គោលដៅ
goat,ពពែ
god,ព្រះ
gods,ព្រះ
goes,ទៅ
going,កំពុងទៅ
gold,មាស
golden,មាស
golf,កីឡាវាយកូនហ្គោល
gone,ទៅ
gonna,នឹង
good,ល្អ
goods,ល្អ
google,ហ្គូហ្គល
gordon,ហ្គរដុន
gorgeous,ស្រស់ស្អាត
gospel,ដំណឹងល្អ
gossip,ជេរប្រមាថ
got,ទទួលបាន
gothic,ហ្គោធិក
goto,ទៅ
gotten,ទទួលបាន
gourmet,អាហារសម្រន់
governance,អភិបាលកិច្ច
governing,ទីក្រុងអភិបាល
government,រដ្ឋាភិបាល
governmental,រដ្ឋាភិបាល
governments,រដ្ឋាភិបាល
governor,អភិបាល
grab,ចាប់
grace,ព្រះគុណ
grade,ថ្នាក់
grades,ថ្នាក់
gradually,ជាបន្តបន្ទាប់
graduate,បញ្ចប់ការសិក្សា
graduated,បានបញ្ចប់ការសិក្សា
graduates,បញ្ចប់ការសិក្សា
graduation,បញ្ចប់ការសិក្សា?
graham,ហ្គ្រាហាម
grain,អាហារគ្រាប់ធញ្ញជាតិ
grammar,អាល្លឺម៉ង់
grams,ក្រាម
grand,ធំ
granny,ជីដូន
grant,ជំនួយ
granted,បានផ្តល់
grants,ជំនួយ
graph,ក្រាហ្វ
graphic,ក្រាហ្វិក
graphical,រាងក្រាហ្វិក
graphics,ក្រាហ្វិក
graphs,ក្រាហ្វិក
gras,ក្រាស
grass,ស្មៅ
grateful,សូមអរគុណ
gratis,ឥតគិតថ្លៃ
gratuit,ឥតគិតថ្លៃ
grave,ស្លាប់
gravity,ទំនាញ
gray,ប្រផេះ
great,អស្ចារ្យ
greater,ធំជាង
greatest,អស្ចារ្យបំផុត
greatly,យ៉ាងខ្លាំង
greece,ប្រទេសក្រិក
greek,ក្រិក
green,បៃតង
greenhouse,ផ្ទះកញ្ចក់
greeting,វន្ទនាការ
greetings,សួស្តី
greg,ហ្គ្រេហ្គ
grenada,បៃតង
grew,ដុះឡើង
grey,ប្រផេះ
grid,ក្រឡាចត្រង្គ
grill,ម្ហូបអាំង
grip,ក្តាប់
grocery,គ្រឿងទេស
groove,ចង្អូរ
gross,សរុប
ground,ដី
grounds,ដី
groundwater,ទឹកក្រោមដី
group,ក្រុម
groups,ក្រុម
grove,ព្រៃ
grow,លូតលាស់
grow,ដុះ
growing,រីកលូតលាស់
grown,លូតលាស់
growth,កំណើន
guam,ហ្គាម
guarantee,ការធានា
guaranteed,ធានា
guarantees,ការធានា
guard,យាម
guardian,អាណាព្យាបាល
guards,សម្ភារៈការពារជង្គង់
guatemala,ហ្កាតេម៉ាឡា
guess,ទាយ
guest,ភ្ញៀវ
guestbook,សៀវភៅភ្ញៀវ
guests,ភ្ញៀវ
guidance,ការណែនាំ
guide,មគ្គុទេសក៍
guided,បានណែនាំ
guidelines,ការណែនាំ
guides,មគ្គុទេសក៍
guilty,ខុស
guinea,ហ្គីណេ
guitar,ហ្គីតា
guitars,ហ្គីតា
gulf,ឈូងសមុទ្រ
gun,កាំភ្លើង
guns,កាំភ្លើង
guru,គ្រូ
guy,បុរស
guyana,ហ្គីយ៉ាណា
guys,បុរស
gym,កន្លែងហាត់ប្រាណ
gzip,gzip
ha,ហា
habitat,ទីជម្រក
habits,ទម្លាប់
hack,ការហ៊ែក
hacker,ហេគឃ័រ
hair,សក់
hairy,រោម
haiti,ហៃទី
half,ពាក់កណ្តាល
halifax,halifax
hall,សាល
halloween,បុណ្យហាឡូវីន
hamilton,ហាមីលតុន
hammer,ញញួរ
hampshire,ហាំសៀ
hand,ដៃ
handbags,កាបូបដៃ
handbook,សៀវភៅណែនាំ
handed,បានប្រគល់
handheld,ឧបករណ៍យួរដៃ
handhelds,ឧបករណ៍យួរដៃ
handle,ដោះស្រាយ
handled,ដោះស្រាយ
handles,ដៃ
handling,ការដោះស្រាយ
handmade,ធ្វើដោយដៃ
hands,ដៃ
handy,ងាយស្រួល
hang,ព្យួរ
hanging,ព្យួរ
happen,កើតឡើង
happened,បានកើតឡើង
happening,កើតឡើង
happens,កើតឡើង
happiness,សុភមង្គល
happy,រីករាយ
harassment,ការយាយី
harbor,កំពង់ផែ
harbour,កំពង់ផែ
hard,រឹង
hardcore,រឹងរូស
hardcover,គម្របរឹង
harder,ខ្លាំងជាង
hardly,ស្ទើរតែមិនធ្លាប់
hardware,ផ្នែករឹង
hardwood,ឈើដិត
harm,គ្រោះថ្នាក់
harmful,មានគ្រោះថាក់
harmony,សុខដុមរមនា
harris,ហារីស
harry,ហារី
hart,បេះដូង
harvard,ហាវ៉ាដ
harvest,ប្រមូលផល
has,មាន
hash,Hash
hat,មួក
hate,ស្អប់
hats,មួក
have,មាន
haven,ជម្រក
having,មាន
hawaii,ហាវ៉ៃ
hawaiian,ហាវ៉ៃ
hawk,ស្ទាំង
hazardous,គ្រោះថ្នាក់
hazards,គ្រោះថ្នាក់
hd,HD
head,ក្បាល
headed,បានដឹកនាំ
header,ក្បាល
heading,ក្បាល
headline,ក្រឡាក្បឿង
headlines,ចំណងជើង
headphones,កាស
headquarters,ទីស្នាក់ការកណ្តាល
heads,ក្បាល
headset,កាស
healing,ការព្យាបាល
health,សុខភាព
healthcare,ការថែទាំសុខភាព
healthy,មានសុខភាពល្អ
hear,ឮ
heard,ឮ
hearing,ការស្តាប់
hearings,សវនាការ
heart,បេះដូង
hearts,បេះដូង
heat,កំដៅ
heated,កម្ដៅ
heater,ម៉ាស៊ីនកម្ដៅ
heating,កំដៅ
heaven,ស្ថានសួគ៌
heavily,ធ្ងន់ធ្ងរ
heavy,ធ្ងន់
hebrew,ភាសាហេប្រូ
heel,កែងជើង
height,កម្ពស់
heights,កម្ពស់
held,បានប្រារព្ធឡើង
helicopter,ឧទ្ធម្ភាគចក្រ
hell,នរក
hello,សួស្តី
helmet,មួកសុវត្ថិភាព
help,ជំនួយ
help,ជួយ
helped,បានជួយ
helpful,មានប្រយោជន៍
helping,ជួយ
helps,ជំនួយ
hence,ដូច្នេះ
henry,ហេនរី
hepatitis,ជំងឺរលាកថ្លើម
herald,ប្រកាស
herb,ដើម
herbal,រុក្ខជាតិ
herbs,គ្រាប់ធញ្ញជាតិ
here,នៅទីនេះ
hereby,តាមរយៈនេះ
herein,នៅទីនេះ
heritage,បេតិកភណ្ឌ
hero,វីរបុរស
heroes,វីរបុរស
herself,ខ្លួននាងផ្ទាល់
hey,ហេ
hi,សួស្តី
hidden,លាក់
hide,លាក់
hierarchy,ឋានានុក្រម
high,ខ្ពស់
higher,ខ្ពស់ជាង
highest,ខ្ពស់បំផុត
highland,តំបន់ខ្ពង់រាប
highlight,ផ្នែកសំខាន់
highlighted,បន្លិច
highlights,បន្លិច
highly,ខ្ពស់
highs,ខ្ពស់
highway,ផ្លូវហាយវេ
highways,ផ្លូវហាយវ៉េ
hiking,ការដើរថ្មើរជើង
hill,ភ្នំ
hills,ភ្នំ
hilton,ហ៊ីលតុន
him,គាត់
himself,ខ្លួនគាត់
hindu,ហិណ្ឌូ
hint,ព័ត៌មានជំនួយ
hints,ព័ត៌មានជំនួយ
hip,ត្រគាក
hire,ជួល
hired,កាលបរិច្ឆេទបានជួល
hiring,ការជួល
his,របស់គាត់
hispanic,ភាសាអេស្ប៉ាញ
hist,ប្រវត្តិ
historic,ប្រវត្តិសាស្ត្រ
historical,ប្រវត្តិសាស្ត្រ
history,ប្រវត្តិ
hit,បុក
hitachi,Hitachi
hits,បុក
hitting,វាយ
hiv,មេរោគអេដស៍
hobbies,ចំណង់ចំណូលចិត្ត
hobby,ចំណង់ចំណូលចិត្ត
hockey,វាយកូនគោលលើទឹកកក
hold,កាន់
holdem,កាន់
holder,អ្នកកាន់
holders,អ្នកកាន់
holding,កាន់
holdings,ការកាន់កាប់
holds,កាន់
hole,រន្ធ
holes,រន្ធ
holiday,ថ្ងៃឈប់សម្រាក
holidays,ថ្ងៃឈប់សម្រាក
holland,ហូឡង់
hollow,ប្រហោង
holly,ហូលី
hollywood,ហូលីវូដ
holy,បរិសុទ្ធ
home,ផ្ទះ
homeland,មាតុភូមិ
homeless,គ្មានផ្ទះសម្បែង
homepage,ទំព័រដើម
homes,ផ្ទះ
hometown,ស្រុកកំណើត
homework,កិច្ចការផ្ទះ
honda,ហុងដា
honduras,ហុងឌូរ៉ាស
honest,ស្មោះត្រង់
honey,ទឹកឃ្មុំ
hong,ហុង
honolulu,ទីក្រុងហូណូលូលូរដ្ឋហាវ៉ៃ
honor,កិត្តិយស
honors,កិត្តិយស
hood,ក្រណាត់
hook,ទំពក់
hop,លោត
hope,សង្ឃឹម
hopes,ក្តីសង្ឃឹម
hopkins,សាកលវិទ្យាល័យHopkins
horizon,ផ្ដេក
horizontal,ផ្តេក
hormone,អ័រម៉ូន
horn,ស្នែង
horny,ស្នែង
horrible,គួរឱ្យខ្លាច
horror,ភ័យរន្ធត់
horse,សេះ
horses,សេះ
hose,ទុយោ
hospital,មន្ទីរពេទ្យ
hospitality,បដិសណ្ឋារកិច្ច
hospitals,មន្ទីរពេទ្យ
host,ម្ចាស់ផ្ទះ
hosted,ធ្វើជាម្ចាស់ផ្ទះ
hostel,ផ្ទះសំណាក់
hostels,បដិសណ្ឋារកិច្ច
hosting,បង្ហោះ
hosts,ម្ចាស់ផ្ទះ
hot,ក្តៅ
hotel,សណ្ឋាគារ
hotels,សណ្ឋាគារ
hotmail,អ៊ីមែល
hottest,ក្តៅបំផុត
hour,ម៉ោង
hourly,រាល់ម៉ោង
hours,ម៉ោង
house,ផ្ទះ
household,គ្រួសារ
households,គ្រួសារ
houses,ផ្ទះ
housewares,គ្រឿងបរិក្ខារផ្ទះ
housewives,ស្ត្រីមេផ្ទះ
housing,លំនៅដ្ឋាន
houston,ហ៊ូស្តុន
how,របៀប
however,ទោះយ៉ាងណា
howto,របៀបធ្វើ
hp,[HP]
hr,ម៉ោង
href,ម៉ោង
hrs,ម៉ោង
html,
http,http
hub,មជ្ឈមណ្ឌល
huge,ដ៏ធំ
hugh,ហ៊ោ
hughes,ឱប
hugo,hugo
hull,សំបកប៉ោង
human,មនុស្ស
humanitarian,អង្គការមនុស្សធម៌
humanities,វិទ្យាសាស្រ្តមនុស្សសាស្ត្រ
humanity,មនុស្សជាតិ
humans,មនុស្ស
humidity,សំណើម
humor,កំប្លែង
hundred,រយ
hundreds,រាប់រយ
hungarian,ភាសាហុងគ្រី
hungary,ហុងគ្រី
hunger,ភាពអត់ឃ្លាន
hungry,បើអ្នកឃ្លាន?
hunt,បរបាញ់
hunter,អ្នកប្រមាញ់
hunting,ការបរបាញ់
hurricane,ខ្យល់ព្យុះ
hurt,ឈឺចាប់
husband,ប្តី
hybrid,កូនកាត់
hydraulic,ធារាសាស្ត្រ
hydrocodone,អ៊ីដ្រូកូដូន
hydrogen,អុីដ្រូសែន
hygiene,អនាម័យ
hypothesis,សម្មតិកម្ម
hypothetical,សម្មតិកម្ម
hyundai,Hyundai
ian,អៀន
ice,ទឹកកក
iceland,អ៊ីស្លង់
icon,រូបតំណាង
icons,រូបតំណាង
ict,បច្ចេកវិទ្យាព័ត៌មានវិទ្យា
id,លេខសម្គាល់
idaho,អ៊ីដាហូ
ide,IDE
idea,គំនិត
ideal,ឧត្តមគតិ
ideas,គំនិត
identical,ដូចគ្នា
identification,ការកំណត់អត្តសញ្ញាណ
identified,កំណត់អត្តសញ្ញាណ
identifier,គ្រឿងសម្គាល់
identifies,កំណត់អត្តសញ្ញាណ
identify,កំណត់អត្តសញ្ញាណ
identifying,កំណត់អត្តសញ្ញាណ
identity,អត្តសញ្ញាណ
idle,ទំនេរ
idol,រូបសំណាក
if,បើ
ignore,មិនអើពើ
ignored,បានមិនអើពើ
ill,ឈឺ
illegal,ខុសច្បាប់
illinois,អ៊ីលីណយ
illness,ជំងឺ
illustrated,បានបង្ហាញ
illustration,រូបភាព
illustrations,រូបភាព
image,រូបភាព
images,រូបភាព
imagination,មនោគតិ
imagine,ស្រមៃ
imaging,រូបភាព
immediate,ភ្លាមៗ
immediately,ភ្លាមៗ
immigrants,ជនអន្តោប្រវេសន៍
immigration,អន្តោប្រវេសន៍
immune,ដែលមានភាពស៊ាំ
immunology,ប្រព័ន្ធភាពស៊ាំ
impact,ផលប៉ះពាល់
impacts,ផលប៉ះពាល់
impaired,ខ្សោយ
imperial,អ៊ីមផៀរៀល
implement,អនុវត្ត
implementation,ការអនុវត្ត
implemented,បានអនុវត្ត
implementing,ការអនុវត្ត
implications,ផលប៉ះពាល់
implied,ពាក់ព័ន្ធ
implies,បង្កប់ន័យ
import,នាំចូល
importance,សារៈសំខាន់
important,សំខាន់
importantly,សំខាន់
imported,បាននាំចូល
imports,នាំចូល
impose,ដាក់លើ
imposed,ត្រូវបានដាក់ចេញ
impossible,មិនអាចទៅរួច
impressed,ចាប់អារម្មណ៍
impression,ចំណាប់អារម្មណ៍
impressive,ពិតជាគួរឱ្យចាប់អារម្មណ៍មែន
improve,ធ្វើឱ្យប្រសើរឡើង
improved,ប្រសើរឡើង
improvement,ការកែលម្អ
improvements,ការកែលម្អ
improving,ធ្វើឱ្យប្រសើរឡើង
in,ក្នុង
inappropriate,មិនសមរម្យ
inbox,ប្រអប់ទទួល
incentives,ការលើកទឹកចិត្ត
inch,អ៊ីញ
inches,អុិនឈ៍
incidence,ឧប្បត្តិហេតុ
incident,ឧប្បត្តិហេតុ
incidents,ឧប្បត្តិហេតុ
include,រួមបញ្ចូល
included,រួមបញ្ចូល
includes,រួមបញ្ចូល
including,រួមទាំង
inclusion,បញ្ចូល៖
inclusive,ដែលប្រកបដោយបរិយាប័ន្ន
income,ប្រាក់ចំណូល
incoming,ចូល
incomplete,មិនបញ្ចប់
incorporate,រួមបញ្ចូល
incorporated,រួមបញ្ចូល
incorrect,មិនត្រឹមត្រូវ
increase,កើនឡើង
increased,បានកើនឡើង
increases,កើនឡើង
increasing,កើនឡើង
increasingly,កាន់តែខ្លាំងឡើង
incredible,មិនគួរឱ្យជឿ
incurred,ផ្សេងៗរបស់
indeed,ពិត
independence,ឯករាជ្យ
independent,ឯករាជ្យ
independently,ឯករាជ្យ
index,លិបិក្រម
index,សន្ទស្សន៍
indexed,លិបិក្រម
indexes,លិបិក្រម
india,ប្រទេសឥណ្ឌា
indian,ឥណ្ឌា
indiana,ឥណ្ឌា
indianapolis,អ៊ីឌីយ៉ាណាផូលីស
indians,ជនជាតិឥណ្ឌា
indicate,ចង្អុលបង្ហាញ
indicated,ចង្អុលបង្ហាញ
indicates,ចង្អុលបង្ហាញ
indicating,ចង្អុលបង្ហាញ
indication,ការចង្អុលបង្ហាញ
indicator,សូចនករ
indicators,សូចនាករ
indices,សន្ទស្សន៍
indie,អ៊ីនឌី
indigenous,ជនជាតិដើមភាគតិច
indirect,ដោយមិនផ្ទាល់
individual,បុគ្គល
individually,ជាលក្ខណៈបុគ្គល
individuals,បុគ្គល
indonesia,ឥណ្ឌូនេស៊ី
indonesian,ភាសាឥណ្ឌូនេស៊ី
indoor,ក្នុងផ្ទះ
induced,ជម្រុញ
induction,ការណែនាំ
industrial,ឧស្សាហកម្ម
industries,ឧស្សាហកម្ម
industry,ឧស្សាហកម្ម
inexpensive,មានតម្លៃថោក
infant,ទារក
infants,ទារក
infected,បានឆ្លងមេរោគ
infection,ការឆ្លង
infections,ការឆ្លង
infectious,ឆ្លង
infinite,អានន្ត
inflation,អតិផរណា
influence,ឥទ្ធិពល
influenced,មានឥទ្ធិពល
influences,មានឥទ្ធិពល
info,ព័ត៌មាន
inform,ជូនដំណឹង
informal,ក្រៅផ្លូវការ
information,ព័ត៌មាន
informational,ព័ត៌មាន
informative,ព័ត៌មាន
informed,ជូនដំណឹង
infrared,អាំងហ្វ្រា
infrastructure,ហេដ្ឋារចនាសម្ព័ន្ធ
infringement,ការរំលោភបំពាន
ingredients,គ្រឿងផ្សំ
inherited,បានមរតក
initial,ដំបូង
initially,ដំបូង
initiated,បានផ្ដួចផ្ដើមឡើង
initiative,គំនិតផ្តួចផ្តើម
initiatives,គំនិតផ្តួចផ្តើម
injection,ក្រោយ
injured,រងរបួស
injuries,របួស
injury,របួស
ink,ទឹកថ្នាំ
inkjet,ទឹកថ្នាំ
inline,នៅក្នុងបណ្ដាញ
inn,ផ្ទះសំណាក់
inner,ខាងក្នុង
innocent,គ្មានកំហុស
innovation,ការច្នៃប្រឌិត
innovations,ការបង្កើតថ្មី
innovative,ច្នៃប្រឌិត
inns,ផ្ទះសំណាក់
input,បញ្ចូល
inputs,ដាក់បញ្ចូល
inquire,សាកសួរ
inquiries,ការសាកសួរ
inquiry,ការសាកសួរ
insects,សត្វល្អិត
insert,បញ្ចូល
inserted,បានបញ្ចូល
insertion,ការបញ្ចូល
inside,ខាងក្នុង
insider,អ្នកខាងក្នុង
insight,ការយល់ដឹង
insights,ការយល់ដឹង
inspection,ការត្រួតពិនិត្យ
inspections,ការត្រួតពិនិត្យ
inspector,កម្មវិធីត្រួតពិនិត្យ
inspiration,សែ្វងរកការបំផុសគំនិត
inspired,បំផុសគំនិត
install,ដំឡើង
installation,ការដំឡើង
installations,ការដំឡើង
installed,បានដំឡើង
installing,ការដំឡើង
instance,ឧទាហរណ៍
instances,ករណី
instant,ភ្លាមៗ
instantly,ដោយបន្ទាន់
instead,ជំនួសវិញ
institute,វិទ្យាស្ថាន
institutes,វិទ្យាស្ថាន
institution,ស្ថាប័ន
institutional,ស្ថាប័ន
institutions,ស្ថាប័ន
instruction,ការណែនាំ
instructional,ការបង្ហាត់បង្រៀន
instructions,ការណែនាំ
instructor,គ្រូ
instructors,គ្រូបណ្តុះបណ្តាល
instrument,ឧបករណ៍
instrumental,ឧបករណ៍ភ្លេង
instrumentation,ឧបករណ៍
instruments,ឧបករណ៍
insulation,អ៊ីសូឡង់
insulin,អាំងស៊ុយលីន
insurance,ធានារ៉ាប់រង
insured,ធានារ៉ាប់រង
intake,ការទទួលទាន
integer,ចំនួនគត់
integral,អាំងតេក្រាល
integrate,បញ្ចូល
integrated,រួមបញ្ចូលគ្នា
integrating,រួមបញ្ចូល
integration,ការរួមបញ្ចូល
integrity,សុចរិតភាព
intel,ចារកម្ម
intellectual,បញ្ញា
intelligence,បញ្ញា
intelligent,ឆ្លាតវៃ
intend,មាន
intended,មានបំណង
intense,ខ្លាំងក្លា
intensity,ប្រពលភាព
intensive,ខ្លាំង
intent,ចេតនា
intention,ចេតនា
inter,អន្តរ
interact,អន្តរកម្ម
interaction,អន្តរកម្ម
interactions,អន្តរកម្ម
interactive,អន្តរកម្ម
interest,ចំណាប់អារម្មណ៍
interested,ចាប់អារម្មណ៍
interesting,គួរឱ្យចាប់អារម្មណ៍
interests,ផលប្រយោជន៍
interface,ចំណុចប្រទាក់
interfaces,ចំណុចប្រទាក់
interference,ការឆ្លងរំខាន
interim,បណ្ដោះអាសន្ន
interior,ផ្នែកខាងក្នុង
intermediate,កម្រិតមធ្យម
internal,ផ្ទៃក្នុង
international,អន្តរជាតិ
internationally,អន្តរជាតិ
internet,អ៊ីនធឺណិត
internship,កម្មសិក្សា
internship,ហាត់ការ
interpretation,ការបកស្រាយ
interpreted,បានបកប្រែ
interracial,ជាតិសាសន៍
intersection,ការប្រសព្វ
interstate,អន្តររដ្ឋ
interval,ចន្លោះពេល
intervals,ចន្លោះពេល
intervention,អន្តរាគមន៍
interventions,អន្តរាគមន៍
interview,សំភាសន៍
interviews,សំភាសន៍
intimate,ជិតស្និទ្ធ
into,ចូល
intranet,អ៊ីនត្រាណិត
intro,ការណែនាំ
introduce,ណែនាំ
introduced,បានណែនាំ
introduces,ណែនាំ
introducing,ណែនាំ
introduction,ការណែនាំ
introductory,សេចក្តីផ្តើម
invalid,ដែលមិនត្រឹមត្រូវ
invasion,ការលុកលុយ
invention,ការបង្កើត
inventory,សារពើភ័ណ្ឌ
invest,វិនិយោគ
investigate,ស៊ើបអង្កេត
investigated,បានស៊ើបអង្កេត
investigation,ការស៊ើបអង្កេត
investigations,ការស៊ើបអង្កេត
investigator,អ្នកស៊ើបអង្កេត
investigators,អ្នកស៊ើបអង្កេត៖
investing,ការវិនិយោគ
investment,ការវិនិយោគ
investments,ការវិនិយោគ
investor,អ្នកវិនិយោគ
investors,វិនិយោគិន
invisible,មើលមិនឃើញ
invision,ការច្នៃប្រឌិត
invitation,ការអញ្ជើញ
invitations,ការអញ្ចើញ
invite,អញ្ជើញ
invited,បានអញ្ជើញ
invoice,វិក័យប័ត្រ
involve,ចូលរួម
involved,ពាក់ព័ន្ធ
involvement,ការចូលរួម
involves,ពាក់ព័ន្ធ
involving,ពាក់ព័ន្ធ
ion,អ៊ីយ៉ុង
iowa,អាយអូវ៉ា
ip,អាយភី
ipaq,អាយប៉ាក
ipod,អាយផត
iran,អ៊ីរ៉ង់
iraq,អ៊ីរ៉ាក់
iraqi,អ៊ីរ៉ាក់
ireland,អៀរឡង់
irish,អៀរឡង់
iron,ជាតិដែក
irrigation,ប្រព័ន្ធធារាសាស្រ្ត
islam,ឥស្លាម
islamic,អ៊ីស្លាម
island,កោះ
islands,កោះ
isle,កោះ
iso,ISO
isolated,ដាច់
isolation,ការដាក់ឱ្យនៅដាច់ដោយឡែក
isp,អ្នកផ្តល់សេវាអ៊ីនធឺណេត
israel,អ៊ីស្រាអែល
israeli,អ៊ីស្រាអែល
issn,ISSN
issue,បញ្ហា
issued,ចេញ
issues,បញ្ហា
istanbul,អ៊ីស្តង់ប៊ុល
italia,អ៊ីតាលី
italian,ជនជាតិអ៊ីតាលី
italiano,អ៊ីតាលី
italic,ទ្រេត
italy,ប្រទេសអ៊ីតាលី
item,ធាតុ
items,ធាតុ
itself,ខ្លួនវាផ្ទាល់
itunes,កម្មវិធីiTunes
ivory,ភ្លុកcolor
jacket,អាវ
jackets,អាវធំ
jacob,យ៉ាកុប
jade,ថ្មជេត
jail,គុក
jamaica,ចាម៉ៃកា
janet,អាវទ្រនាប់
january,មករា
japan,ជប៉ុន
japanese,ជប៉ុន
jar,ពាងក្រឡ
jason,ជេសុន
java,ចាវ៉ា
javascript,JavaScript
jazz,ចង្វាក់jazz
jean,ខោខូវប៊យ
jeans,ខោខូវប៊យ
jeep,ឡានហ្ស៊ីប
jeff,ជេហ្វ
jelsoft,ជេលសូហ្វ
jennifer,ជេននីហ្វឺរ
jenny,ជេននី
jerry,ជែរី
jersey,អាវ
jerusalem,ជេរូហ្សាឡឹម
jessica,ជេស៊ីកា
jesus,ព្រះយេស៊ូវ
jet,យន្តហោះ
jets,យន្តហោះចម្បាំង
jewel,គ្រឿងអលង្ការ
jewellery,គ្រឿងអលង្ការ
jewelry,គ្រឿងអលង្ការ
jewish,សាសន៍យូដា
jews,សាសន៍យូដា
jimmy,ជីមមី
joan,ចូន
jobs,ការងារ
join,ចូលរួម
joined,បានចូលរួម
joining,ចូលរួម
joins,ចូលរួម
joint,រួម
joke,កំប្លែង
jokes,រឿងកំប្លែង
journal,ទិនានុប្បវត្តិ
journalism,សារព័ត៌មាន
journalist,អ្នកសារពត័មាន
journalists,អ្នកសារព័ត៌មាន
journals,ទិនានុប្បវត្តិ
journey,ដំណើរ
judge,ចៅក្រម
judges,ចៅក្រម
judgment,ការវិនិច្ឆ័យ
judicial,តុលាការ
juice,ទឹកផ្លែ
july,កក្កដា
jump,លោត
jumping,លោត
jun,មិថុនា
junction,ផ្លូវប្រសព្វ
june,មិថុនា
jungle,ដើរព្រៃ
junior,ក្មេង
junk,សំរាម
jurisdiction,យុត្តាធិការ
jury,អង្គជំនុំជម្រះ
just,គ្រាន់តែ
justice,យុត្តិធម៌
justify,លៃតម្រូវ
justin,ចាស្ទីន
juvenile,អនីតិជន
kansas,កានសាស
karaoke,ការ៉ាអូខេ
karen,ការ៉ែន
karma,កម្ម
keen,អន្ទះសា
keep,រក្សា
keeping,ការរក្សា
keeps,រក្សា
keith,ឃីត
kelly,ខេលី
kennedy,ខេនណេឌី
kenya,កេនយ៉ា
kept,បានរក្សាទុក
kernel,ខឺណែល
kerry,ខេរី
kevin,ខេវិន
key,គន្លឹះ
keyboard,ក្តារចុច
keyboards,ក្តារចុចកុំព្យូទ័រ
keys,គន្លឹះ
keyword,ពាក្យគន្លឹះ
keywords,ពាក្យគន្លឹះ
kg,គីឡូក្រាម
kick,ទាត់
kid,ក្មេង
kidney,តម្រងនោម
kids,កុមារ
kijiji,គីជី
kill,សម្លាប់
killed,សម្លាប់
killer,ឃាតករ
killing,ការសម្លាប់
kills,សម្លាប់
kilometers,គីឡូម៉ែត្រ
kind,ប្រភេទ
kinds,ប្រភេទ
king,ស្តេច
kingdom,នគរ
kings,ស្តេច
kingston,ឃីងស្តុន
kiss,ថើប
kissing,ថើប
kit,កញ្ចប់
kitchen,ផ្ទះបាយ
kits,កញ្ចប់
kitty,ឆ្មា
klein,តូច
km,គីឡូម៉ែត្រ
knee,ជង្គង់
knew,បានដឹង
knife,កាំបិត
knight,អ្នកជិះសេះ
knights,សេនាធិការ
knit,ប៉ាក់
knitting,ប៉ាក់
knives,កាំបិត
knock,គោះ
know,ដឹង
knowing,ដឹង
knowledge,ចំណេះដឹង
knowledgestorm,ព្យុះចំណេះដឹង
known,ស្គាល់
knows,ដឹង
kodak,Kodak
kong,កុង
korea,កូរ៉េ
korean,កូរ៉េ
kruger,គ្រូគង្វាល
kuwait,កូវ៉ែត
kw,គីឡូវ៉ាត់
lab,មន្ទីរពិសោធន៍
label,ស្លាក
labeled,មិនបានដាក់ស្លាក
labels,ស្លាក
labor,ពលកម្ម
laboratories,មន្ទីរពិសោធន៍
laboratory,មន្ទីរពិសោធន៍
labour,ពលកម្ម
labs,មន្ទីរពិសោធន៍
lace,ខ្សែរចងស្បែកជើង
lack,ខ្វះខាត
ladder,ជណ្តើរ
laden,ផ្ទុក
ladies,ស្ត្រី
lady,ស្ត្រី
laid,ដាក់
lake,បឹង
lakes,បឹង
lamb,កូនចៀម
lambda,ឡាមដា
lamp,ចង្កៀង
lamps,ចង្កៀង
lance,លែននិងថេរៀសាមូសឡឺ
land,ដី
landing,ការចុះចត
lands,ដី
landscape,ទេសភាព
landscapes,ទេសភាព
lane,ផ្លូវ
lanes,ផ្លូវ
lang,ភាសា
language,ភាសា
languages,ភាសា
lanka,ស្រីលង្កា
laos,ឡាវ
lap,ភ្លៅ
laptop,កុំព្យូទ័រយួរដៃ
laptops,កុំព្យូទ័រយួរដៃ
large,ធំ
largely,យ៉ាងធំ
larger,ធំជាង
largest,ធំជាងគេ
larry,ឡារី
laser,ឡាស៊ែរ
last,ចុងក្រោយ
lasting,មានរយៈពេលយូរ
late,យឺត
lately,ថ្មីៗនេះ
later,ពេលក្រោយ
latest,ចុងក្រោយ
latex,ជ័រ
latin,ឡាតាំង
latina,ឡាទីណា
latinas,ឡាទីន
latino,ឡាទីណូ
latitude,រយៈទទឹង
latter,ក្រោយមក
latvia,ឡាតវីយ៉ា
laugh,សើច
laughing,កំពុងសើច
launch,បើកដំណើរការ
launched,បានបើកដំណើរការ
launches,បើកដំណើរការ
laundry,បោកសម្លៀកបំពាក់
laura,ឡូរ៉ា
lauren,ឡូរ៉ង់
law,ច្បាប់
lawn,ស្មៅ
laws,ច្បាប់
lawsuit,បណ្តឹង
lawyer,មេធាវី
lawyers,មេធាវី
layer,ស្រទាប់
layers,ស្រទាប់
layout,ប្លង់
lazy,ខ្ជិល
lbs,ផោន
lcd,អេក្រង់LCD
lead,នាំមុខ
leader,អ្នកដឹកនាំ
leaders,មេដឹកនាំ
leadership,ភាពជាអ្នកដឹកនាំ
leading,នាំមុខ
leads,នាំមុខ
leaf,ស្លឹក
league,លីក
lean,ដែលស្គម
learn,រៀន
learned,បានរៀន
learners,អ្នកសិក្សា
learning,ការរៀន
lease,ជួល
leasing,ការជួល
least,យ៉ាងហោចណាស់
leather,ស្បែក
leave,ចាកចេញ
leaves,ស្លឹក
leaving,ការចាកចេញ
lebanon,លីបង់
lecture,ការបង្រៀន
lectures,ការបង្រៀន
led,ដឹកនាំ
lee,លី
leeds,លីដស៍
left,ខាងឆ្វេង
leg,ជើង
legacy,កេរដំណែល
legal,ច្បាប់
legally,ស្របច្បាប់
legend,រឿងព្រេង
legendary,រឿងព្រេងនិទាន
legends,រឿងព្រេង
legislation,ច្បាប់
legislative,នីតិបញ្ញត្តិ
legislature,ក្រុមប្រឹក្សារដ្ឋធម្មនុញ្ញ
legitimate,ផលប្រយោជន៍ស្របច្បាប់
legs,ជើង
leisure,ការកំសាន្ត
lemon,ក្រូចឆ្មារ
lender,អ្នកអោយខ្ចី
lenders,អ្នកផ្តល់ប្រាក់កម្ចី
lending,ការផ្តល់ប្រាក់កម្ចី
length,ប្រវែង
lens,កែវ
lenses,កញ្ចក់
leo,រថយន្តក្រុង
leonard,លោកលីអូណាដ
leone,ទឹកពណ៌សូកូឡា
lesbian,ស្ត្រីស្រលាញ់ភេទដូចគ្នា
lesbians,ស្ត្រីស្រលាញ់ភេទដូចគ្នា
less,តិចជាង
lesser,ភតិសន្យាបតី
lesson,មេរៀន
lessons,មេរៀន
let,អនុញ្ញាតឱ្យ
lets,អនុញ្ញាតឱ្យ
letter,សំបុត្រ
letters,អក្សរ
letting,អនុញ្ញាត
leu,ស្វាយលើ
level,កម្រិត
levels,កម្រិត
levitra,លេវីត្រា
levy,ពន្ធ
lewis,លេវីស
lexus,លិចស៊ីស
liabilities,បំណុល
liability,ទំនួលខុសត្រូវ
liable,ទទួលខុសត្រូវ
liberal,សេរីនិយម
liberia,លីបេរីយ៉ា
liberty,សេរីភាព
librarian,បណ្ណារក្ស
libraries,បណ្ណាល័យ
library,បណ្ណាល័យ
licence,អាជ្ញាប័ណ្ណ
license,អាជ្ញាប័ណ្ណ
licensed,មានអាជ្ញាប័ណ្ណ
licenses,អាជ្ញាប័ណ្ណ
licensing,អាជ្ញាប័ណ្ណ
licking,បែកញើស
lid,គំរប
lie,កុហក
liechtenstein,លីចឆេនស្តាញ
lies,កុហក
life,ជីវិត
lifestyle,របៀបរស់នៅ
lifetime,ពេញមួយជីវិត
lift,លើក
light,ពន្លឺ
lightbox,ប្រអប់ភ្លើង
lighter,ភ្លឺជាង
lighting,ភ្លើងបំភ្លឺ
lightning,ផ្លេតបន្ទោរ
lights,ភ្លើង
lightweight,ទម្ងន់ស្រាល
like,ចូលចិត្ត
liked,ចូលចិត្ត
likelihood,ភាពទំនងជា
likely,ទំនង
likes,ចូលចិត្ត
likewise,ដូចគ្នា
lil,លីល
lime,ក្រូចឆ្មារ
limit,ដែនកំណត់
limitation,ដែនកំណត់
limitations,ដែនកំណត់
limited,មានកំណត់
limiting,ការកម្រិត
limits,ដែនកំណត់
limousines,រថយន្តlimousines
lincoln,លីនខុន
linda,លីនដា
lindsay,រឿងរបស់លីនស៊ី
line,បន្ទាត់
linear,លីនេអ៊ែរ
lined,ដាក់ជាជួរ
lines,បន្ទាត់
lingerie,ខោអាវទ្រនាប់
link,តំណភ្ជាប់
linked,បានភ្ជាប់
linking,ការភ្ជាប់
links,តំណ
linux,លីនុច
lion,តោ
lions,សត្វតោ
lip,បបូរមាត់
lips,បបូរមាត់
liquid,រាវ
lisa,លីសា
list,បញ្ជី
listed,រាយ
listen,ស្តាប់
listening,ការស្តាប់
listing,បញ្ជី
listings,បញ្ជី
lists,បញ្ជី
lite,តូច
literacy,អក្ខរកម្ម
literally,តាមលំដាប់លំដោយ
literary,អក្សរសាស្ត្រ
literature,អក្សរសិល្ប៍
lithuania,លីទុយអានី
litigation,ការដោះស្រាយវិវាទតាមប្រព័ន្ធតុលាការ
little,តិចតួច
live,រស់នៅ
livecam,ការផ្សាយបន្តផ្ទាល់
lived,បានរស់នៅ
liver,ថ្លើម
liverpool,លីវើភូល
lives,រស់នៅ
livestock,បសុសត្វ
living,រស់នៅ
ll,ល
llc,ក្រុមហ៊ុនស៊ីលូកុនអិលអិលស៊ី
lo,ឡូ
load,ផ្ទុក
loaded,ផ្ទុក
loading,ការផ្ទុក
loads,បន្ទុក
loan,ប្រាក់កម្ចី
loans,ប្រាក់កម្ចី
lobby,ឡប់ប៊ី
loc,មូលដ្ឋាន
local,មូលដ្ឋាន
locale,មូលដ្ឋាន
locally,ក្នុងស្រុក
locate,កំណត់ទីតាំង
located,ដែលមានទីតាំងនៅ
location,ទីតាំង
locations,ទីតាំង
locator,អ្នកកំណត់ទីតាំង
lock,ចាក់សោ
locked,ចាក់សោ
locking,ចាក់សោ
locks,សោ
lodge,ផ្ទះសំណាក់
lodging,កន្លែងស្នាក់នៅ
log,កំណត់ហេតុ
logged,ចូល
logging,ការចូលប្រើ
logic,តក្កវិជ្ជា
logical,ឡូជីខល
login,ចូលប្រព័ន្ធ
logistics,ការងារឡូជីស្ទឹក
logo,និមិត្តសញ្ញា
logos,ឡូហ្គោ
logs,កំណត់ត្រា
lol,សើចឮខ្លាំង
lolita,ឡូលីតា
london,ទីក្រុងឡុងដ៍
lone,ឯកោ
lonely,ឯកា
long,វែង
longer,យូរជាងនេះ
longest,វែងបំផុត
longitude,រយៈបណ្តោយ
look,មើល
looked,បានមើល
looking,កំពុងមើល
looks,មើល
lookup,រកមើល
loop,រង្វិលជុំ
loops,រង្វិលជុំ
loose,រលុង
lord,ព្រះអម្ចាស់
los,ចាញ់
lose,ចាញ់
losing,ចាញ់
loss,ការបាត់បង់
losses,ការខាតបង់
lost,បាត់បង់
lot,ច្រើន
lots,ច្រើន
lottery,ឆ្នោត
lotus,ឡូធឺស
loud,ឮខ្លាំង
louisiana,លូស៊ីយ៉ាណា
lounge,កន្លែងអង្គុយ
love,ស្រឡាញ់
loved,ស្រឡាញ់
lovely,គួរឱ្យស្រឡាញ់
lover,គូស្នេហ៍
lovers,អ្នកស្រឡាញ់
loves,ស្រឡាញ់
loving,ស្រឡាញ់
low,ទាប
lower,ទាបជាង
lowest,ទាបបំផុត
lows,ទាប
ltd,អិលធីឌី
lucas,លូកា
luck,សំណាង
lucky,សំណាង
luggage,កាបូប
lunch,អាហារថ្ងៃត្រង់
lung,សួត
luxembourg,លុចហ្សំបួរ
luxury,ប្រណីត
lying,ការកុហក
lyric,បទភ្លេង
lyrics,អត្ថបទចម្រៀង
machine,ម៉ាស៊ីន
machinery,គ្រឿងម៉ាស៊ីន
machines,ម៉ាស៊ីន
macintosh,Macintosh
macro,ម៉ាក្រូ
macromedia,ម៉ាក្រូមេឌៀ
mad,ឆ្កួត
madagascar,ម៉ាដាហ្កាស្កាស
made,បានបង្កើត
madison,ម៉ាឌីហ្សុន
madness,ឆ្កួត
madonna,ម៉ាដូណា
madrid,ម៉ាឌ្រីដ
magazine,ទស្សនាវដ្តី
magazines,ទស្សនាវដ្តី
magic,វេទមន្ត
magical,វេទមន្ត
magnet,មេដែក
magnetic,ម៉ាញេទិក
magnificent,អស្ចារ្យមែន!
magnitude,ទំហំ
maiden,maiden
mail,សំបុត្រ
mailed,បានផ្ញើតាមប្រៃសណីយ៍
mailing,ការផ្ញើសំបុត្រ
mailman,អ្នកផ្ញើសំបុត្រ
mails,សំបុត្រ
mailto,mailto:
main,សំខាន់
mainland,មីនឡែន
mainly,ជាចម្បង
mainstream,ចរន្តសំខាន់
maintain,ថែរក្សា
maintained,រក្សា
maintaining,ការថែរក្សា
maintains,រក្សា
maintenance,ថែទាំ
major,មេ
majority,ភាគច្រើន
make,ធ្វើ
maker,អ្នកផលិត
makers,អ្នកផលិត
makes,ធ្វើ
makeup,ការផាត់មុខ
making,ការធ្វើ
malawi,ម៉ាឡាវី
malaysia,ម៉ាឡេស៊ី
maldives,ម៉ាល់ឌីវ
male,បុរស
males,បុរស៖
mali,ម៉ាលី
mall,ផ្សារ
malpractice,ការប្រព្រឹត្តមិនត្រឹមត្រូវ
malta,ម៉ាល់តា
man,បុរស
manage,គ្រប់គ្រង
managed,គ្រប់គ្រង
management,ការគ្រប់គ្រង
manager,អ្នកគ្រប់គ្រង
managers,អ្នកគ្រប់គ្រង
managing,គ្រប់គ្រង
manchester,ទីក្រុងManchester
mandate,កាតព្វកិច្ច
mandatory,ចាំបាច់
manga,តុក្កតា
manhattan,ម៉ាន់ហាតាន់
manitoba,ម៉ានីតូបា
manner,របៀប
manor,ខ្នើយ
manual,សៀវភៅដៃ
manually,ធម្មតា
manuals,សៀវភៅណែនាំ
manufacture,ផលិត
manufactured,ផលិត
manufacturer,ក្រុមហ៊ុនផលិត
manufacturers,ក្រុមហ៊ុនផលិត
manufacturing,ការផលិត
many,ច្រើន
map,ផែនទី
maple,ក្រូចឆ្មា
mapping,ការធ្វើផែនទី
maps,ផែនទី
marathon,ម៉ារ៉ាតុង
marble,ថ្មម៉ាប
marc,ម៉ាក
march,មីនា
marco,ម៉ាកូ
marcus,ឆ្អឹងស្មងជើង
mardi,ម៉ាឌី
margaret,ម៉ាហ្គារ៉េត
margin,រឹម
maria,ម៉ារីយ៉ា
mariah,ម៉ារីយ៉ា
marie,ម៉ារី
marijuana,កញ្ឆា
marilyn,ម៉ារីលីន
marina,ម៉ារីណា
marine,ទាហានដែនសមុទ្រ
maritime,ដែនសមុទ្រ
mark,សម្គាល់
marked,សម្គាល់
marker,ហ្វឺត
market,ទីផ្សារ
marketing,ទីផ្សារ
marketplace,ទីផ្សារ
markets,ទីផ្សារ
marking,ការសម្គាល់
marks,សញ្ញា
marriage,អាពាហ៍ពិពាហ៍
married,រៀបការ
marriott,អាពាហ៍ពិពាហ៍
marsh,វាលភក់
mart,ម៉ាតចល័ត
martha,ម៉ាថា
martial,សិល្បៈក្បាច់គុន
martin,ម៉ាទីន
marvel,អស្ចារ្យ
mary,ម៉ារី
maryland,ម៉ារីលែន
mask,របាំង
mass,ម៉ាស
massachusetts,ម៉ាសាឈូសេត
massage,ម៉ាស្សា
massive,ដ៏ធំ
master,មេ
mastercard,កាដម៉ាស្ទ័រ
masters,ចៅហ្វាយនាយ
masturbation,ការលេងសើច
match,ការប្រកួត
matched,ធនាគារត្រូវគ្នា
matches,ការប្រកួត
matching,ផ្គូផ្គង
material,សម្ភារៈ
materials,សម្ភារៈ
maternity,មាតុភាព
math,គណិតវិទ្យា
mathematical,គណិតវិទ្យា
mathematics,គណិតវិទ្យា
mating,ការរួមរ័ក
matrix,ម៉ាទ្រីស
mats,កម្រាល
matt,ម៉ាត់
matter,បញ្ហា
matters,បញ្ហា
matthew,ម៉ាថាយ
mattress,ពូក
mature,ចាស់ទុំ
mauritius,ម៉ូរីស
max,អតិបរមា
maximize,ពង្រីកអតិបរមា
maximum,អតិបរមា
may,អាច
maybe,ប្រហែល
mayor,អភិបាលក្រុង
mazda,រថយន្តម៉ាកMAZDA
mba,MBA
mcdonald,ម៉ាក់ដូណាល់
meal,អាហារ
meals,អាហារ
mean,មធ្យម
mean,មានន័យ
meaning,អត្ថន័យ
meaningful,មានអត្ថន័យ
meanwhile,ខណៈនេះ
measure,រង្វាស់
measured,បានវាស់វែង
measurement,ការវាស់វែង
measurements,ការវាស់វែង
measures,វិធានការ
measuring,ការវាស់វែង
meat,សាច់
mechanical,មេកានិច
mechanics,មេកានិច
mechanism,យន្តការ
mechanisms,យន្តការ
medal,មេដាយ
media,មេឌា
median,មធ្យម
medical,វេជ្ជសាស្ត្រ
medicare,ពេទ្យ
medication,ថ្នាំ
medications,ថ្នាំបង្ការ
medicine,ថ្នាំ
medicines,ឱសថ
medieval,មជ្ឈិមសម័យ
meditation,សមាធិ
mediterranean,មេឌីទែរ៉ាណេ
medium,មធ្យម
medline,មេឌៀ
meeting,ការប្រជុំ
meetings,ការប្រជុំ
melbourne,មែលប៊ន
member,សមាជិក
membership,សមាជិកភាព
membrane,ភ្នាសកោសិកា
memo,អនុសរណៈ
memorabilia,វត្ថុអនុស្សាវរីយ៍
memorial,អនុស្សាវរីយ៍
memories,អង្គចងចាំ
memory,អង្គចងចាំ
memphis,មេមហ្វីស
mental,ផ្លូវចិត្ត
mention,លើកឡើង
mentioned,បានរៀបរាប់
mentor,ការណែនាំ
menu,ម៉ឺនុយ
mercedes,រថយន្តMercedes
merchandise,ទំនិញ
merchant,ពាណិជ្ជករ
mercury,បារត
mercy,មេត្តាករុណា
mere,ធម្មតា
merely,គ្រាន់តែ
merge,បញ្ចូលចូលគ្នា
merger,ការរំលាយបញ្ជូលគ្នា
merit,ស័ក្តិសម
merry,រីករាយ
mesh,សំណាញ់
mess,ច្របូកច្របល់
message,សារ
messages,សារ
messaging,សារ
messenger,អ្នកនាំសារ
met,បានជួប
meta,មេតា
metabolism,ការរំលាយអាហារ
metadata,ទិន្នន័យមេតា(Metadata)
metal,លោហៈ
metallic,លោហធាតុ
metallica,លោហធាតុ
metals,លោហ
meter,ម៉ែត្រ
meters,ម៉ែត្រ
method,វិធីសាស្រ្ត
methodology,វិធីសាស្រ្ត
methods,វិធីសាស្រ្ត
metres,ម៉ែត្រ
metric,ប្រព័ន្ធម៉ែត្រ
metro,មេត្រូ
metropolitan,ទីប្រជុំជន
mexican,ម៉ិកស៊ិក
mexico,ម៉ិកស៊ិក
mg,មីលីក្រាម
mhz,MHz
miami,ម៉ៃអាមី
mic,មីក្រូហ្វូន
mice,កណ្ដុរ
michael,ម៉ៃឃើល
michel,មីឆែល
michelle,មីសែល
michigan,មីឈីហ្គែន
micro,មីក្រូ
microphone,មីក្រូ
microsoft,ម៉ៃក្រូសូហ្វ
microwave,ម៉ាយក្រូវេវ
mid,ពាក់កណ្តាល
middle,កណ្តាល
midi,កម្មវិធីបង្កើតលំដាប់មីឌី
midlands,មីដលែនស៍
midnight,ពាក់កណ្តាលអធ្រាត្រ
midwest,មជ្ឈិមបូព៌ា
might,អាច
mighty,មានអានុភាព
migration,ការធ្វើចំណាកស្រុក
mike,ម៉ៃឃើល
mil,លានដុល្លារអាមេរិក
milan,មីលែន
mild,កម្រិតស្រាល
mile,ម៉ាយ
mileage,ចំងាយប្រើរួច
miles,ម៉ាយល៍
military,យោធា
milk,ទឹកដោះគោ
mill,រោងម៉ាស៊ីនកិនស្រូវ
millennium,សហស្សវត្សរ៍
miller,រោងម៉ាស៊ីនកិនស្រូវ
million,លាន
millions,រាប់លាន
mills,រោងម៉ាស៊ីនកិនស្រូវ
milton,នីឡា
milwaukee,មីលវូគី
mime,ប្រភេទMIME
min,នាទី
mind,ចិត្ត
minds,គំនិត
mine,របស់ខ្ញុំ
mineral,រ៉ែ
minerals,ការជីកយករ៉ែ
mines,មីន
mini,ខ្នាតតូច
miniature,រូបភាពតូច
minimal,តិចតួចបំផុត
minimize,បង្រួមអប្បបរមា
minimum,អប្បបរមា
mining,ការជីកយករ៉ែ
minister,រដ្ឋមន្ត្រី
ministers,រដ្ឋមន្ត្រី
ministries,ក្រសួង
ministry,ក្រសួង
minneapolis,មីនៀប៉ូលីស
minnesota,មីនីសូតា
minolta,មីណូតា
minor,អនីតិជន
minority,ជនជាតិភាគតិច
mins,នាទី
mint,ជីអង្កាម
minus,វិធីដក
minute,នាទី
minutes,នាទី
miracle,ដែលចម្លែកឬអស្ចារ្យហ្មង
mirror,កញ្ចក់
mirrors,កញ្ចក់
misc,ផ្សេងៗ
miscellaneous,ផ្សេងៗ
miss,នឹក
missed,ខកខាន
missile,មីស៊ីល
missing,បាត់
mission,បេសកកម្ម
missions,បេសកកម្ម
mississippi,មីស៊ីស៊ីពី
missouri,មីសសួរី
mistake,កំហុស
mistakes,កំហុស
mistress,ស្រីស្នេហ៍
mitchell,មីតឆេល
mitsubishi,ក្រុមហ៊ុនMitsubishi
mix,លាយ
mixed,លាយ
mixer,ឧបករណ៍លាយ
mixing,ការលាយគ្នា
mixture,ល្បាយ
ml,មីលីលីត្រ
mm,មីលីម៉ែត្រ
mobile,ទូរស័ព្ទចល័ត
mobiles,ទូរស័ព្ទចល័ត
mobility,ភាពចល័ត
mod,ម៉ូដ
mode,របៀប
model,គំរូ
model,ម៉ូឌែល
model,ម៉ូដែល
modeling,ការធ្វើគំរូ
modelling,គំរូ
models,គំរូ
modem,ម៉ូដឹម
modems,ម៉ូឌឹម
moderate,មធ្យម
moderator,អ្នកសម្របសម្រួល
moderators,អ្នកសម្របសម្រួល
modern,ទំនើប
modes,របៀប
modification,ការកែប្រែ
modifications,កែប្រែ
modified,កែប្រែ
modify,កែប្រែ
mods,របៀប
modular,ម៉ូឌុល
module,ម៉ូឌុល
modules,ម៉ូឌុល
moisture,សំណើម
mold,ផ្សិត
moldova,ម៉ុលដូវ៉ា
molecular,ម៉ូលេគុល
molecules,ម៉ូលេគុល
mom,ម៉ាក់
moment,ពេល
moments,គ្រា
moms,មាតា
monaco,ម៉ូណាកូ
monday,ថ្ងៃច័ន្ទ
monetary,រូបិយវត្ថុ
money,លុយ
mongolia,ប្រទេសម៉ុងហ្គោលី
monitor,ម៉ូនីទ័រ
monitored,បានត្រួតពិនិត្យ
monitoring,ការត្រួតពិនិត្យ
monitors,ម៉ូនីទ័រ
monkey,សត្វស្វា
mono,ម៉ូណូ
monster,បិសាច
monsters,បីសាច
montana,ម៉ុងតាណា
monte,ភ្នំ
month,ខែ
monthly,ប្រចាំខែ
months,ខែ
montreal,ម៉ុងរ៉េអាល់
mood,អារម្មណ៍
moon,ព្រះច័ន្ទ
moral,សីលធម៌
more,ច្រើន
moreover,លើសពីនេះទៅទៀត
morgan,ម័រហ្គែន
morning,ព្រឹក
morocco,ម៉ារ៉ុក
morris,ម៉ូរីស
mortality,មរណភាព
mortgage,កម្ចីទិញផ្ទះ
mortgages,បញ្ចាំ
moscow,មូស្គូ
moses,លោកម៉ូសេ
moss,ស្លែ
most,ភាគច្រើន
mostly,ភាគច្រើន
motel,ផ្ទះសំណាក់
motels,ម៉ូតែល
mother,ម្តាយ
motherboard,ផ្ទាំងមេ
mothers,ម្តាយ
motion,ចលនា
motivated,ការលើកទឹកចិត្ត
motivation,ការលើកទឹកចិត្ត
motor,ម៉ូទ័រ
motorcycle,ម៉ូតូ
motorcycles,ម៉ូតូ
motorola,ម៉ូតូរ៉ូឡា
motors,ម៉ូទ័រ
mount,ម៉ោន
mountain,ភ្នំ
mountains,ភ្នំ
mounted,បានម៉ោន
mounting,កំពុងម៉ោន
mounts,ម៉ោន
mouse,កណ្ដុរ
mouth,មាត់
move,ផ្លាស់ទី
moved,ផ្លាស់ទី
movement,ចលនា
movements,ការផ្លាស់ទី
movers,អ្នកផ្លាស់ទី
moves,ផ្លាស់ទី
movie,ខ្សែភាពយន្ត
movies,ខ្សែភាពយន្ត
moving,ផ្លាស់ទី
mozambique,ម៉ូសំប៊ិក
mozilla,Mozilla
mp,មេហ្គាភិកសែល
mpeg,កម្មវិធីចាក់MPEG
mph,ម៉ាយក្នុងមួយម៉ោង
mr,លោក
mrs,លោកស្រី
msg,បញ្ចប់អ៊ីមែល
msie,មីស៊ី
much,ច្រើន
mud,ភក់
mug,ពែង
multi,ច្រើន
multimedia,ពហុព័ត៌មាន
multiple,ច្រើន
munich,ទីក្រុងម៉ូនីច
municipal,ក្រុង
municipality,ក្រុង
murder,ឃាតកម្ម
muscle,សាច់ដុំ
muscles,សាច់ដុំ
museum,សារមន្ទីរ
museums,សារមន្ទីរ
music,តន្ត្រី
musical,តន្ត្រី
musician,តន្ត្រីករ
musicians,តន្ត្រីករ
muslim,មូស្លីម
muslims,មូស្លីម
must,ត្រូវតែ
mutual,ទៅវិញទៅមក
muze,
mw,មេហ្គាវ៉ាត់
my,របស់ខ្ញុំ
myanmar,មីយ៉ាន់ម៉ា
myself,ខ្លួនខ្ញុំផ្ទាល់
mysimon,មីស៊ីម៉ូន
myspace,ទស្សនាគេហទំព័រMySpace
mysql,MySQL
mysterious,អាថ៌កំបាំង
mystery,អាថ៌កំបាំង
myth,រឿងទេវកថា
myth,ជំនឿខុសឆ្គង
nail,ក្រចក
nails,ក្រចក
naked,អាក្រាត
name,ឈ្មោះ
named,មានឈ្មោះ
namely,ពោលគឺ
names,ឈ្មោះ
namibia,ណាមីប៊ី
nancy,ណាន់ស៊ី
narrative,និទានកថា
narrow,ចង្អៀត
nasa,ណាសា
nascar,ណាស្កា
nasdaq,Nasdaq
nashville,ណាសវីល
nasty,អាក្រក់
nation,ជាតិ
national,ជាតិ
nationally,ជាតិ
nations,ប្រជាជាតិ
nationwide,ទូទាំងប្រទេស
native,ជនជាតិដើម
nato,ណាតូ
natural,ធម្មជាតិ
naturally,ចាស៎?
naturals,ធម្មជាតិ
nature,ធម្មជាតិ
naughty,អាក្រក់
nav,នាវាចម្បាំង
navigate,រុករក
navigation,ការរុករក
navigator,កម្មវិធីរុករក
navy,កងទ័ពជើងទឹក
near,នៅជិត
nearby,នៅជិត
nearest,ជិតបំផុត
nearly,ជិត
nebraska,នេប្រាស្កា
necessarily,ចាំបាច់
necessary,ចាំបាច់
necessity,ភាពចាំបាច់
necklace,ខ្សែក្រវ៉ាត់
need,ត្រូវការ
needed,ត្រូវការ
needle,ម្ជុល
needs,ត្រូវការ
negative,អវិជ្ជមាន
negotiation,ការចរចា
negotiations,ការចរចារ
neighbor,អ្នកជិតខាង
neighborhood,សង្កាត់
neighbors,អ្នកជិតខាង
neil,នីល
neither,ទាំង
nelson,ណិលសុន
neon,ណេអុង
nepal,នេប៉ាល់
nerve,សរសៃប្រសាទ
nervous,ភ័យ
nest,សំបុក
nested,កិច្ចការក្នុង
netherlands,ហូឡង់
network,បណ្តាញ
networking,បណ្តាញ
networks,បណ្តាញ
neural,សរសៃប្រសាទ
neutral,អព្យាក្រឹត
nevada,ណេវ៉ាដា
never,មិនដែល
nevertheless,ទោះយ៉ាងណាក៏ដោយ
newbie,អ្នកថ្មី
newcastle,នូវកាសល៍
newer,លំនាំថ្មី
newest,ថ្មីបំផុត
newly,ថ្មីៗ
newman,newman
news,ព័ត៌មាន
newsletter,ព្រឹត្តិបត្រ
newsletters,ព្រឹត្តិបត្រ
newspaper,កាសែត
newspapers,កាសែត
newton,ញ៉ូតុន
next,បន្ទាប់
nextel,បន្ទាប់
nicaragua,នីការ៉ាហ្គ័រ
nice,ស្អាត
nicholas,នីកូឡាសសង្ឃឹម
nickel,នីកែល
nickname,សម្មតិនាម
nicole,នីកូល
nigeria,នីហ្សេរីយ៉ា
night,យប់
nightlife,ជីវិតពេលរាត្រី
nightmare,សុបិន្តអាក្រក់
nights,យប់
nikon,នីកុន
nine,ប្រាំបួន
nintendo,នីនថេនដូ
nipple,ក្បាលសុដន់
nipples,ក្បាលសុដន់
nissan,នីសាន់
nitrogen,នីត្រូសែន
noble,ដ៏ថ្លៃថ្នូ
nobody,គ្មាននរណាម្នាក់
node,ថ្នាំង
noise,សំលេងរំខាន
nokia,ណូគា
nominated,បានតែងតាំង
nomination,ការតែងតាំង
nominations,ការតែងតាំង
none,គ្មាន
nonprofit,មិនរកប្រាក់ចំណេញ
noon,ថ្ងៃត្រង់
norm,បទដ្ឋាន
normal,ធម្មតា
normally,ជាធម្មតា
north,ខាងជើង
northeast,ភាគឦសាន
northern,ខាងជើង
northwest,ភាគពាយ័ព្យ
norway,ន័រវែស
norwegian,ភាសាន័រវែស
nose,ច្រមុះ
note,កំណត់ចំណាំ
notebook,សៀវភៅកត់ត្រា
notebooks,សៀវភៅកត់ត្រា
noted,បានកត់សម្គាល់
notes,កំណត់ចំណាំ
nothing,គ្មានអ្វីទេ
notice,សេចក្តីជូនដំណឹង
noticed,បានកត់សម្គាល់
notices,សេចក្តីជូនដំណឹង
notification,ការជូនដំណឹង
notifications,ការជូនដំណឹង
notified,ការជូនដំណឹង
notify,ជូនដំណឹង
notion,គំនិត
nova,ណូវ៉ា
novel,ប្រលោមលោក
novels,ប្រលោមលោក
novelty,ភាពប្លែក
november,វិច្ឆិកា
now,ឥឡូវនេះ
nowhere,គ្មានកន្លែង
nuclear,នុយក្លេអ៊ែរ
nude,អាក្រាត
nudist,អាក្រាត
nudity,អាក្រាត
null,មោឃៈ
number,លេខ
numbers,លេខ
numeric,លេខ
numerical,ការបកស្រាយទិន្នន័យ
numerous,ជាច្រើន
nurse,គិលានុបដ្ឋាយិកា
nursery,ទារកដ្ឋាន
nurses,គិលានុបដ្ឋាយិកា
nursing,ថែទាំ
nut,គ្រាប់
nutrition,អាហារូបត្ថម្ភ
nutten,គ្រាប់ធញ្ញជាតិ
nvidia,NVIDIA
nylon,នីឡុង
oak,ដើមឈើអុក
obesity,ភាពធាត់ខ្លាំង
obituaries,មរណភាព
object,វត្ថុ
objective,គោលបំណង
objective,សត្យានុម័ត
objective,គោលបំណង
objects,វត្ថុ
obligation,កាតព្វកិច្ច
obligations,កាតព្វកិច្ច
observation,ការសង្កេត
observations,ការសង្កេត
observe,សង្កេត
observed,បានសង្កេត
observer,អ្នកអង្កេត
obtain,ទទួលបាន
obtained,ទទួលបាន
obtaining,ការទទួលបាន
obvious,ជាក់ស្តែង
obviously,ជាក់ស្តែង
occasion,ឱកាស
occasional,ម្តងម្កាល
occasionally,ម្ដងម្កាល
occasions,ឱកាស
occupation,មុខរបរ
occupational,មុខរបរ
occupations,មុខរបរ
occupied,បានកាន់កាប់
occur,កើតឡើង
occurred,បានកើតឡើង
occurrence,ការកើតឡើង
occurring,កំពុងកើតមាន
occurs,កើតឡើង
ocean,មហាសមុទ្រ
october,តុលា
odd,សេស
of,នៃ
off,បិទ
offense,បទល្មើស
offensive,ការវាយបក
offer,ការផ្តល់ជូន
offered,ផ្តល់ជូន
offering,ការផ្តល់ជូន
offerings,តង្វាយ
offers,ការផ្តល់ជូន
office,ការិយាល័យ
officer,មន្ត្រី
officers,មន្ត្រី
offices,ការិយាល័យ
official,ផ្លូវការ
officially,ជាផ្លូវការ
officials,មន្ត្រី
offline,ក្រៅបណ្តាញ
offset,អុហ្វសិត
offshore,នៅបរទេស
often,ជាញឹកញាប់
oh,អូ
ohio,អូហៃអូ
oil,ប្រេង
oils,ប្រេង
ok,យល់ព្រម
okay,មិនអីទេ
oklahoma,អូក្លាហូម៉ា
old,ចាស់
older,ចាស់ជាង
oldest,ចាស់ជាងគេ
olive,អូលីវ
oliver,អូលីវើរ
olympic,អូឡាំពិក
olympics,អូឡាំពិក
olympus,អូឡាំពិក
oman,អូម៉ង់
omega,អូមេហ្គា
omissions,ការលុបចោល
once,ម្តង
one,មួយ
ones,មួយ
ongoing,កំពុងបន្ត
onion,ខ្ទឹមបារាំង
online,អនឡាញ
only,ត្រឹមតែ
ontario,អនតារីយ៉ូ
onto,លើ
oops,អូ៎!
open,បើក
opened,បានបើក
opening,ការបើក
openings,ការបើកចំហ
opens,បើក
opera,ល្ខោនអូប៉េរ៉ា
operate,ដំណើរការ
operated,បានដំណើរការ
operates,ប្រតិបត្ដិការ
operating,ប្រតិបត្តិការ
operation,ប្រតិបត្តិការ
operational,ប្រតិបត្តិការ
operations,ប្រតិបត្តិការ
operator,ប្រតិបត្តិករ
operators,ប្រតិបត្តិករ
opinion,មតិ
opinions,មតិ
opponent,សត្រូវ
opponents,គូប្រជែង
opportunities,ឱកាស
opportunity,ឱកាស
opposed,ការជំទាស់
opposite,ទល់មុខ
opposition,ការប្រឆាំង
optical,អុបទិក
optics,អុបទិក
optimal,ល្អបំផុត
optimization,បង្កើនប្រសិទ្ធភាព
optimize,បង្កើនប្រសិទ្ធភាព
optimum,ល្អបំផុត
option,ជម្រើស
optional,ស្រេចចិត្ត
options,ជម្រើស
or,ឬ
orange,ទឹកក្រូច
orbit,គន្លង
orchestra,វង់ភ្លេង
order,បញ្ជាទិញ
ordered,បានបញ្ជា
ordering,បញ្ជាទិញ
orders,បញ្ជាទិញ
ordinance,ទោសប្បញ្ញត្តិ
ordinary,ធម្មតា
oregon,អូរីហ្គិន
organ,សរីរៈ
organic,សរីរាង្គ
organisation,អង្គការ
organisations,អង្គការ
organised,ត្រូវបានរៀបចំ
organisms,សារពាង្គកាយ
organization,អង្គការ
organizational,អង្គការ
organizations,អង្គការ
organize,រៀបចំ
organized,រៀបចំ
organizer,កម្មវិធីរៀបចំ
organizing,រៀបចំ
orgasm,អ័រម៉ូន
oriental,មជ្ឈិមបូព៌ា
orientation,ការតំរង់ទិស
oriented,តម្រង់ទិស
origin,ប្រភពដើម
original,ដើម
originally,ដើម
origins,ប្រភពដើម
orlando,អ័រឡង់ដូ
orleans,អ័រលីន
os,ប្រព័ន្ធប្រតិបត្តិការ
oscar,អូស្ការ
other,ផ្សេងទៀត
others,ផ្សេងទៀត
otherwise,បើមិនដូច្នេះទេ
ottawa,អូតាវ៉ា
ought,គួរតែ
our,របស់យើង
ours,របស់យើង
ourselves,ខ្លួនយើង
out,ក្រៅ
outcome,លទ្ធផល
outcomes,លទ្ធផល
outdoor,ក្រៅ
outdoors,នៅខាងក្រៅ
outer,ខាងក្រៅ
outlet,ច្រកចេញ
outlets,ហាងលក់ឡៃឡុង
outline,គ្រោង
outlined,បានគ្រោងទុក
outlook,ទស្សនវិស័យ
output,ទិន្នផល
outputs,លទ្ធផល
outreach,ការផ្សព្វផ្សាយ
outside,នៅខាងក្រៅ
outsourcing,ធនធានខាងក្រៅ
outstanding,ពូកែ
oval,រាងពងក្រពើរ
oven,ឡរ
over,លើស
overall,រួម
overcome,យកឈ្នះ
overhead,ពីលើ
overnight,ពេញមួយយប់
overseas,ក្រៅប្រទេស
overview,ទិដ្ឋភាពទូទៅ
own,ផ្ទាល់ខ្លួន
owned,ជាកម្មសិទ្ធិ
owner,ម្ចាស់
owners,ម្ចាស់
ownership,កម្មសិទ្ធិ
owns,ផ្ទាល់ខ្លួន
oxford,អុកហ្វដ
oxide,អុកស៊ីត
oxygen,អុកស៊ីសែន
oz,អោន
ozone,អូហ្សូន
pa,ប៉ា
pace,ល្បឿន
pacific,ប៉ាស៊ីហ្វិក
pack,កញ្ចប់
package,កញ្ចប់
packages,កញ្ចប់
packaging,ការវេចខ្ចប់
packard,កញ្ចប់
packed,បានវេចខ្ចប់
packet,កញ្ចប់
packets,កញ្ចប់
packing,ទំហំវេចខ្ចប់
packs,កញ្ចប់
pad,បន្ទះ
pads,បន្ទះឆក់
page,ទំព័រ
pages,ទំព័រ
paid,បង់
pain,ការឈឺចាប់
painful,ឈឺចាប់
paint,លាប
painted,បានលាបថ្នាំ
painting,គំនូរ
paintings,គំនូរ
pair,គូ
pairs,ផ្គូផ្គង
pakistan,ប៉ាគីស្ថាន
palace,វាំង
pale,ស្រអាប់
palestine,យថាទស្សន៍
palestinian,ប៉ាឡេស្ទីន
palm,បាតដៃ
pan,ខ្ទះ
panama,ប៉ាណាម៉ា
panasonic,ប៉ាណាសូនិក
panel,បន្ទះ
panels,បន្ទះ
panic,ភ័យស្លន់ស្លោ
panties,ខោទ្រនាប់
pants,ខោ
paper,ក្រដាស
paperback,ក្រដាសប្រាក់
paperbacks,ក្រដាសប្រាក់
papers,ក្រដាស
para,ប៉ារ៉ា
parade,ការប្រគុំតន្រ្តី
paradise,ឋានសួគ៌
paragraph,កថាខណ្ឌ
paragraphs,កថាខណ្ឌ
paraguay,ប៉ារ៉ាហ្កាយ
parallel,ប៉ារ៉ាឡែល
parameter,ប៉ារ៉ាម៉ែត្រ
parameters,ប៉ារ៉ាម៉ែត្រ
parcel,កញ្ចប់
parent,ឪពុកម្តាយ
parental,ឪពុកម្តាយ
parenting,ការចិញ្ចឹមកូន
parents,ឪពុកម្តាយ
paris,ប៉ារីស
parish,ក្រុមជំនុំ
park,សួន
parker,អ្នកចតរថយន្ត
parking,កន្លែងចតរថយន្ត
parks,សួន
parliament,សភា
parliamentary,រដ្ឋសភា
part,ផ្នែក
partial,ផ្នែក
partially,ផ្នែកខ្លះ
participant,អ្នកចូលរួម
participants,អ្នកចូលរួម
participate,ចូលរួម
participated,ចូលរួម
participating,ការចូលរួម
participation,ការចូលរួម
particle,ភាគល្អិត
particles,ចំណុចតូចៗ
particular,ពិសេស
particularly,ជាពិសេស
parties,ភាគី
partition,ភាគ
partly,មួយផ្នែក
partner,ដៃគូ
partners,ដៃគូ
partnership,ភាពជាដៃគូ
partnerships,ភាពជាដៃគូ
parts,ផ្នែក
party,ភាគី
pass,ឆ្លងកាត់
passage,វគ្គ
passed,ឆ្លងកាត់
passenger,អ្នកដំណើរ
passengers,អ្នកដំណើរ
passes,ឆ្លងកាត់
passing,ឆ្លងកាត់
passion,ចំណង់ចំណូលចិត្ត
passive,អកម្ម
passport,លិខិតឆ្លងដែន
password,ពាក្យសម្ងាត់
passwords,ពាក្យសម្ងាត់
past,អតីតកាល
pasta,ប៉ាស្តា
paste,បិទភ្ជាប់
pastor,គ្រូគង្វាល
patch,បំណះ
patches,បំណះ
patent,ប៉ាតង់
patents,ប៉ាតង់
path,ផ្លូវ
pathology,រោគសាស្ត្រ
paths,ផ្លូវ
patient,អ្នកជំងឺ
patients,អ្នកជំងឺ
patio,ទីធ្លា
patrick,ប៉ាទ្រីក
patrol,ការល្បាត
pattern,លំនាំ
patterns,លំនាំ
paul,ប៉ូល
pavilion,ព្រះពន្លា
pay,បង់
payable,ត្រូវសង
payday,ថ្ងៃបើកប្រាក់ខែ
paying,ការបង់ប្រាក់
payment,ការទូទាត់
payments,ការទូទាត់
paypal,
payroll,ការបើកប្រាក់ខែ
pays,បង់
pc,កុំព្យូទ័រ
pdf,PDF
peace,សន្តិភាព
peaceful,សន្តិភាព
peak,កំពូល
pearl,គុជខ្យង
peas,សណ្តែកខៀវបារាំង
pediatric,សេវាថែទាំកុមារ
pee,នោម
peeing,ការដើរកំសាន្ត
peer,មិត្តភក្ដិ
peers,មិត្តភក្ដិ
pen,ប៊ិច
penalties,លក្ខណៈសម្បត្តិ
penalty,ពិន័យ
pencil,ខ្មៅដៃ
pendant,ទ្រនាប់
pending,កំពុងរង់ចាំ
penetration,ការជ្រៀតចូល
penguin,ផេនឃ្វីនName
peninsula,ឧបទ្វីប
penis,លិង្គ
pennsylvania,រដ្ឋPennsylvania
penny,កាក់
pens,ប៊ិច
pension,សោធននិវត្តន៍
pensions,ប្រាក់សោធននិវត្តន៍
pentium,ប្លាទីន
people,មនុស្ស
peoples,មនុស្ស
pepper,ម្រេច
percent,ភាគរយ
percentage,ភាគរយ
perception,ការយល់ឃើញហានិភ័យ
perfect,ល្អឥតខ្ចោះ
perfectly,ល្អឥតខ្ចោះ
perform,អនុវត្ត
performance,ប្រសិទ្ធភាព
performances,ប្រសិទ្ធភាព
performed,បានអនុវត្ត
performer,អ្នកសម្ដែង
performing,សម្តែង
performs,អនុវត្ត
perfume,ក្លិនក្រអូប
perhaps,ប្រហែល
period,រយៈពេល
periodic,ម្ដងម្កាល
periodically,តាមកាលកំណត់
periods,រយៈពេល
peripheral,បរិវេណ
peripherals,គ្រឿងកុំព្យូទ័រ
permanent,អចិន្ត្រៃយ៍
permission,ការអនុញ្ញាត
permissions,ការអនុញ្ញាត
permit,អនុញ្ញាត
permits,អនុញ្ញាត
permitted,អនុញ្ញាត
persian,ពឺស៊ានបែបបូរាណ
persistent,ឋិតថេរ
person,មនុស្ស
personal,ផ្ទាល់ខ្លួន
personality,បុគ្គលិកលក្ខណៈ
personalized,ផ្ទាល់ខ្លួន
personally,ផ្ទាល់ខ្លួន
personals,ផ្ទាល់ខ្លួន
personnel,បុគ្គលិក
persons,មនុស្ស
perspective,ទស្សនវិស័យ
perspectives,ទស្សនៈវិស័យ
peru,ប៉េរូ
pest,ប៉ិស្ត
pet,សត្វចិញ្ចឹម
peter,ពេត្រុស
petite,តូច
petition,ញត្តិ
petroleum,ប្រេងឥន្ធនៈ
phantom,ខ្មោច
pharmaceutical,ឱសថ
pharmaceuticals,ឱសថ
pharmacies,ឱសថស្ថាន
pharmacology,ឱសថវិទ្យា
pharmacy,ឱសថស្ថាន
phase,ដំណាក់កាល
phases,ដំណាក់កាល
phd,បណ្ឌិត
phenomenon,បាតុភូត
phentermine,
phi,ភី
phil,ហ្វីល
philadelphia,ហ្វីឡាដែលហ្វៀ
philip,ហ្វីលីព
philippines,ហ្វីលីពីន
philips,ហ្វីលីព
phillips,ភីលីព
philosophy,ទស្សនវិជ្ជា
phoenix,ហ្វូនីក
phone,ទូរស័ព្ទ
phones,ទូរស័ព្ទ
photo,រូបថត
photograph,រូបថត
photographer,អ្នកថតរូប
photographers,អ្នកថតរូប
photographic,រូបថត
photographs,រូបថត
photography,ការថតរូប
photos,រូបថត
photoshop,កាត់តរូបភាព
phrase,ឃ្លា
phrases,ឃ្លា
phys,រូបវិទ្យា
physical,រាងកាយ
physically,ផ្នែករាងកាយ
physician,គ្រូពេទ្យ
physicians,គ្រូពេទ្យ
physics,រូបវិទ្យា
physiology,សរីរវិទ្យា
pi,3.14
piano,ព្យាណូ
pic,រូបភាព
pichunter,
pick,រើស
picked,រើស
picking,ជ្រើសរើស
picks,រើស
pickup,កាលបរិច្ឆេទជ្រើសរើសយក
picnic,អាហារក្រៅផ្ទះ
pics,រូបភាព
picture,រូបភាព
pictures,រូបភាព
pie,ចំណិត
piece,ដុំ
pieces,បំណែក
pig,ជ្រូក
pike,pike
pill,ថ្នាំគ្រាប់
pillow,ខ្នើយ
pills,ថ្នាំគ្រាប់
pilot,អ្នកបើកយន្តហោះ
pin,ម្ជុល
pine,ស្រល់
pink,ពណ៌ផ្កាឈូក
pins,ម្ជុល
pioneer,អ្នកត្រួសត្រាយ
pipe,បំពង់
pipeline,បំពង់
pipes,បំពង់Comment
pirates,ចោរសមុទ្រ
pissing,ហត់
pit,រណ្តៅ
pitch,កម្ពស់សំឡេង
pittsburgh,ភីតស៍ប៊ឺក
pixel,ភីកសែល
pixels,ភីកសែល
pizza,ភីហ្សា
place,ទីកន្លែង
placed,បានដាក់
placement,ការដាក់
places,ទីកន្លែង
placing,ការដាក់
plain,ធម្មតា
plains,វាលទំនាប
plan,ផែនការ
plane,យន្តហោះ
planes,ផែនការ
planet,ភព
planets,ភព
planned,បានគ្រោងទុក
planner,កម្មវិធីធ្វើគម្រោង
planners,អ្នករៀបចំផែនការ
planning,ការធ្វើផែនការ
plans,ផែនការ
plant,រុក្ខជាតិ
plants,រុក្ខជាតិ
plasma,ប្លាស្មា
plastic,ប្លាស្ទិក
plastics,ប្លាស្ទិក
plate,ចាន
plates,ចាន
platform,វេទិកា
platforms,វេទិកា
platinum,ប្លាទីន
play,លេង
playback,ចាក់សារថ្មី
played,លេង
player,អ្នកលេង
players,អ្នកលេង
playing,លេង
playlist,បញ្ជីចាក់
plays,លេង
playstation,ស្ថានីយលេង
plaza,ផ្លាហ្សា
pleasant,រីករាយ
please,សូម
pleased,រីករាយ
pleasure,ភាពរីករាយ
pledge,សន្យា
plenty,ច្រើន
plot,គ្រោង
plots,គ្រោងបន្ទាត់
plug,ដោត
plugin,កម្មវិធីជំនួយ
plugins,កម្មវិធីជំនួយ
plumbing,ការបង្ហូរទឹក
plus,បូក
pm,ល្ងាច
pmid,ល្ងាច
pocket,ហោប៉ៅ
pockets,ហោប៉ៅ
pod,កម្មវិធីរុករកPod
podcast,ផតខាស
podcasts,ផតខាស់
poem,កំណាព្យ
poems,កំណាព្យ
poet,កំណាព្យ
poetry,កំណាព្យ
point,ចំណុច
pointed,ចង្អុល
pointer,ទ្រនិច
pointing,ចង្អុល
points,ចំណុច
poison,ថ្នាំពុល
pokemon,ហ្គេមភូកាម៉ុង
poker,បៀ
poland,ប៉ូឡូញ
polar,ប៉ូល
pole,បង្គោល
police,ប៉ូលីស
policies,គោលការណ៍
policy,គោលការណ៍
polish,ប៉ូឡូញ
polished,បានប៉ូលា
political,នយោបាយ
politicians,អ្នកនយោបាយ
politics,នយោបាយ
poll,ការស្ទង់មតិ
polls,ការស្ទង់មតិ
pollution,ការបំពុល
polo,ប៉ូលូ
poly,ពហុ
polyester,ផូលីអេស្ទ័រ
polymer,ប៉ូលីម៉ែរ
polyphonic,ប៉ូលីហ្វូនិក
pond,ស្រះ
pool,អាង
pools,អាងហែលទឹក
poor,ក្រីក្រ
pop,ប៉ុប
pope,សម្តេចប៉ាប
popular,ពេញនិយម
popularity,ប្រជាប្រិយភាព
population,ចំនួនប្រជាជន
populations,ចំនួនប្រជាជន
por,ពោធិ៍សែនជ័យ
porcelain,ប៉សឺឡែន
pork,សាច់ជ្រូក
porsche,រថយន្តPorsche
port,ច្រក
portable,ចល័ត
portal,វិបផតថល
porter,ច្រកទ្វារ
portfolio,ផលប័ត្រ
portion,ផ្នែក
portions,ផ្នែក
portland,ផតលែន
portrait,បញ្ឈរ
portraits,រូបថត
ports,ច្រក
portugal,ព័រទុយហ្គាល់
portuguese,ព័រទុយហ្គាល់
posing,ការដាក់
position,ទីតាំង
positioning,ឋានៈ
positions,មុខតំណែង
positive,វិជ្ជមាន
possess,មាន
possession,កម្មសិទ្ធិ
possibilities,លទ្ធភាព
possibility,លទ្ធភាព
possible,អាច
possibly,ប្រហែលជា
post,បង្ហោះ
postage,ប្រៃសណីយ៍
postal,ប្រៃសណីយ៍
postcard,ប័ណ្ណប្រៃសណីយ៍
postcards,ប័ណ្ណប្រៃសណីយ៍
posted,បានបង្ហោះ
poster,ផ្ទាំងរូបភាព
posters,ផ្ទាំងរូបភាព
posting,ប្រកាស
postings,ប្រកាស
postposted,ប្រកាស
posts,ប្រកាស
pot,ផើង
potato,ដំឡូង
potatoes,ដំឡូង
potential,សក្តានុពល
potentially,មានសក្តានុពល
potter,ជាងស្មូន
pottery,គ្រឿងស្មូន
poultry,បសុបក្សី
pound,ផោន
pounds,ផោន
pour,ចាក់
poverty,ភាពក្រីក្រ
powder,ម្សៅ
power,អំណាច
powered,បំពាក់
powerful,ខ្លាំង
powerpoint,ចំណុចប្រទាក់ថាមពល
powers,អំណាច
powerseller,អ្នកលក់ថាមពល
practical,ជាក់ស្តែង
practice,ការអនុវត្ត
practices,ការអនុវត្ត
practitioner,អ្នកអនុវត្ត
practitioners,អ្នកអនុវត្តអាជីព
prague,ប្រាហ្គ
prairie,វាលស្មៅ
praise,សរសើរ
pray,អធិស្ឋាន
prayer,ការអធិស្ឋាន
prayers,ការអធិស្ឋាន
pre,មុន
preceding,មុន
precious,មានតម្លៃ
precipitation,ទឹកភ្លៀង
precise,ច្បាស់លាស់
precisely,ពិតណាស់
precision,ភាពជាក់លាក់
predict,ព្យាករណ៍
predicted,បានទស្សន៍ទាយ
prediction,ការព្យាករណ៍
predictions,ការព្យាករណ៍
prefer,ចូលចិត្ត
preference,ចំណូលចិត្ត
preferences,ចំណូលចិត្ត
preferred,ពេញចិត្ត
prefers,ចូលចិត្ត
prefix,បុព្វបទ
pregnancy,មានផ្ទៃពោះ
pregnant,មានផ្ទៃពោះ
preliminary,បឋម
premier,នាយករដ្ឋមន្ត្រី
premiere,ការចាក់បញ្ចាំងលើកដំបូង
premises,ទីបរិវេណ
premium,បុព្វលាភ
prepaid,បង់ប្រាក់ជាមុន
preparation,ការរៀបចំ
prepare,រៀបចំ
prepared,រៀបចំ
preparing,កំពុងរៀបចំ
prerequisite,តម្រូវការជាមុន
prescribed,កំណត់
prescription,វេជ្ជបញ្ជា
presence,វត្តមាន
present,បច្ចុប្បន្ន
presentation,បទបង្ហាញ
presentations,បទបង្ហាញ
presented,បានបង្ហាញ
presenting,បទបង្ហាញ
presently,បច្ចុប្បន្នកាល
presents,អំណោយ
preservation,ការរក្សា
preserve,រក្សា
president,ប្រធាន
presidential,ប្រធានាធិបតី
press,សារព័ត៌មាន
pressed,បានចុច
pressing,កំពុងសង្កត់
pressure,សម្ពាធ
pretty,ស្អាត
prev,មុន
prevent,រារាំង
preventing,បង្ការ
prevention,ការបង្ការ
preview,ការមើលជាមុន
previews,មើលជាមុន
previous,មុន
previously,ពីមុន
price,តម្លៃ
priced,តម្លៃ
prices,តម្លៃ
pricing,តម្លៃ
pride,មោទនភាព
priest,សង្ឃ
primarily,ជាចម្បង
primary,បឋម
prime,បឋម
prince,ព្រះអង្គម្ចាស់
princess,ព្រះនាង
princeton,ទីក្រុងព្រីនស្តុន
principal,នាយកសាលា
principle,គោលការណ៍
principles,គោលការណ៍
print,បោះពុម្ព
printable,អាចបោះពុម្ពបាន
printed,បោះពុម្ព
printer,ម៉ាស៊ីនបោះពុម្ព
printers,ម៉ាស៊ីនបោះពុម្ព
printing,ការបោះពុម្ព
prints,បោះពុម្ព
prior,មុន
priorities,អាទិភាព
priority,អាទិភាព
prison,គុក
prisoner,អ្នកទោស
privacy,ភាពឯកជន
private,ឯកជន
privilege,សិទ្ធិពិសេស
prize,រង្វាន់
prizes,រង្វាន់
probability,ប្រូបាប៊ីលីតេ
probably,ប្រហែល
probe,ការស៊ើបអង្កេត
problem,បញ្ហា
problems,បញ្ហា
proc,ប្រតិចារិក
procedure,នីតិវិធី
procedures,នីតិវិធី
proceed,បន្ត
proceeding,កំពុងដំណើរការ
proceedings,ដំណើរការ
proceeds,នៅបន្ត
process,ដំណើរការ
processed,ដំណើរការ
processes,ដំណើរការ
processing,ដំណើរការ
processor,ខួរក្បាល
processors,ប្រព័ន្ធដំណើរការ
procurement,លទ្ធកម្ម
produce,ផលិត
produced,ផលិត
producer,អ្នកផលិត
producers,អ្នកផលិត
produces,ផលិត
producing,ផលិត
product,ផលិតផល
production,ផលិតកម្ម
productions,ផលិតកម្ម
productive,មានផលិតភាព
productivity,ផលិតភាព
products,ផលិតផល
profession,វិជ្ជាជីវៈ
professional,វិជ្ជាជីវៈ
professionals,អ្នកជំនាញ
professor,សាស្រ្តាចារ្យ
profile,ប្រវត្តិរូប
profiles,ប្រវត្តិរូប
profit,ប្រាក់ចំណេញ
profits,ប្រាក់ចំណេញ
program,កម្មវិធី
programme,កម្មវិធី
programmer,អ្នកសរសេរកម្មវិធី
programmers,អ្នកសរសេរកម្មវិធី
programmes,កម្មវិធី
programming,ការសរសេរកម្មវិធី
programs,កម្មវិធី
progress,វឌ្ឍនភាព
progressive,រីកចម្រើន
prohibited,ហាមឃាត់
project,គម្រោង
projected,បានព្យាករណ៍
projection,ការតភ្ជាប់
projector,ម៉ាស៊ីនបញ្ចាំងស្លាយ
projectors,ម៉ាស៊ីនបញ្ចាំងស្លាយ
projects,គម្រោង
prominent,លេចធ្លោ
promise,សន្យា
promised,សន្យា
promises,ការសន្យា
promising,សន្យា
promo,ប្រូម៉ូសិន
promote,ផ្សព្វផ្សាយ
promoted,ផ្សព្វផ្សាយ
promotes,ផ្សព្វផ្សាយ
promoting,ការផ្សព្វផ្សាយ
promotion,ការផ្សព្វផ្សាយ
promotional,ការផ្សព្វផ្សាយ
promotions,ការផ្សព្វផ្សាយ
prompt,ជូនដំណឹង
promptly,ក្នុងពេលវេលាដែល
proof,ភស្តុតាង
propecia,ការប្រញាប់ប្រញាល់
proper,ត្រឹមត្រូវ
properly,ត្រឹមត្រូវ
properties,ទ្រព្យសម្បត្តិ
property,ទ្រព្យសម្បត្តិ
prophet,ព្យាការី
proportion,សមាមាត្រ
proposal,សំណើ
proposals,សំណើ
propose,ស្នើ
proposed,បានស្នើឡើង
proposition,សំណើរសុំ
proprietary,កម្មសិទ្ធិ
pros,គុណសម្បត្តិ
prospect,ទស្សនវិស័យ
prospective,ដែលត្រូវបានតែងតាំង
prospects,ការរំពឹងទុក
prostate,ក្រពេញប្រូស្តាត
prostores,ស្រីពេស្យា
protect,ការពារ
protected,ការពារ
protecting,ការការពារ
protection,ការការពារ
protective,របាំងការពារ
protein,ប្រូតេអ៊ីន
proteins,ប្រូតេអ៊ីន
protest,ការតវ៉ា
protocol,ពិធីការ
protocols,ពិធីការ
prototype,គំរូដើម
proud,មោទនភាព
proudly,មានមោទនភាព
prove,បញ្ជាក់
proved,បានបញ្ជាក់
proven,បញ្ជាក់
provide,ផ្តល់
provided,បានផ្តល់
providence,ការផ្តល់ជូន
provider,អ្នកផ្តល់សេវា
providers,អ្នកផ្តល់សេវា
provides,ផ្តល់
providing,ការផ្តល់
province,ខេត្ត
provinces,ខេត្ត
provincial,ខេត្ត
provision,ការផ្តល់
provisions,បទប្បញ្ញត្តិ
proxy,ប្រូកស៊ី
psychiatry,ចិត្តសាស្ត្រ
psychological,ចិត្តសាស្ត្រ
psychology,ចិត្តវិទ្យា
pts,ពិន្ទុ
public,សាធារណៈ
publication,ការបោះពុម្ពផ្សាយ
publications,ការបោះពុម្ពផ្សាយ
publicity,ការផ្សព្វផ្សាយ
publicly,សាធារណៈ
publish,បោះពុម្ពផ្សាយ
published,បោះពុម្ពផ្សាយ
publisher,អ្នកបោះពុម្ពផ្សាយ
publishers,អ្នកបោះពុម្ពផ្សាយ
publishing,ការបោះពុម្ពផ្សាយ
pubmed,បានផ្សព្វផ្សាយ
pubs,កន្លែងផឹកស៊ី
puerto,ព័រតូ
pull,ទាញ
pulled,បានទាញ
pulse,ជីពចរ
pump,បូម
pumps,ម៉ាស៊ីនបូម
punch,កំណត់ត្រាម៉ោង
punishment,ការដាក់ទណ្ឌកម្ម
punk,ផុក
pupils,សិស្ស
puppy,កូនឆ្កែ
purchase,ការទិញ
purchased,បានទិញ
purchases,ការទិញ
purchasing,ការទិញ
pure,សុទ្ធ
purple,ពណ៌ស្វាយ
purpose,គោលបំណង
purposes,គោលបំណង
purse,កាបូប
pursuant,អនុលោមតាម
pursue,ដោះស្រាយ
pursuit,ការដេញតាម
push,រុញ
pushed,បានជំរុញ
pushing,រុញ
pussy,ផុយ
put,ដាក់
puts,ដាក់
putting,ការដាក់
puzzle,ល្បែងផ្គុំរូប
puzzles,ល្បងបញ្ញា
pvc,ប្លាស្ទិច(PVC)
python,ពស់ថ្លាន់
qatar,កាតា
qty,ចំនួន
quad,បួន
qualification,គុណវុឌ្ឍិ
qualifications,គុណវុឌ្ឍិ
qualified,មានលក្ខណៈសម្បត្តិគ្រប់គ្រាន់
qualify,មានលក្ខណៈសម្បត្តិគ្រប់គ្រាន់
qualifying,លក្ខណៈសម្បត្តិគ្រប់គ្រាន់
qualities,គុណភាព
quality,គុណភាព
quantitative,បរិមាណ
quantities,បរិមាណ
quantity,បរិមាណ
quantum,បរិមាណ
quarter,ត្រីមាស
quarterly,ប្រចាំត្រីមាស
quarters,ត្រីមាស
quebec,កេបិច
queen,មហាក្សត្រី
queens,ព្រះមហាក្សត្រី
queries,សំណួរ
query,សំណួរ
quest,ដំណើរស្វែងរក
question,សំណួរ
questionnaire,កម្រងសំណួរ
questions,សំណួរ
queue,ជួរ
quick,រហ័ស
quickly,យ៉ាងឆាប់រហ័ស
quiet,ស្ងាត់
quilt,ភួយ
quit,ឈប់
quite,ណាស់
quiz,សំណួរ
quizzes,កម្រងសំណួរ
quotations,សម្រង់តម្លៃ
quote,សម្រង់
quoted,ដកស្រង់
quotes,សម្រង់
rabbit,សត្វទន្សាយ
race,ការប្រណាំង
races,ការប្រណាំង
rachel,ផ្កាឈូករ័ត្ន
racial,ពូជសាសន៍
racing,ការប្រណាំង
rack,ធ្នើ
racks,ធ្នើរ
radar,រ៉ាដា
radiation,វិទ្យុសកម្ម
radical,រ៉ាឌីកាល់
radio,វិទ្យុ
radios,វិទ្យុ
radius,កាំ
rage,កំហឹង
raid,វាយប្រហារ
rail,ផ្លូវដែក
railroad,ផ្លូវដែក
railway,ស្ថានីយរថភ្លើង
rain,ភ្លៀង
rainbow,ឥន្ទធនូ
raise,លើក
raised,លើកឡើង
raises,ខ្ពស់នៅសងខាង
raising,ការចិញ្ចឹម
rally,ការប្រមូលផ្តុំ
ralph,រ៉ាហ្វ
ram,ចៀមឈ្មោល
ran,បានរត់
ranch,កសិដ្ឋាន
rand,អង្កត់ផ្ចិត
random,ចៃដន្យ
range,ជួរ
ranger,ranger
rangers,អ្នកយាមល្បាត
ranges,ជួរ
ranging,ជួរ
rank,ចំណាត់ថ្នាក់
ranked,បានដាក់ចំណាត់ថ្នាក់
ranking,ចំណាត់ថ្នាក់
rankings,ចំណាត់ថ្នាក់
ranks,ចំណាត់ថ្នាក់
rape,ការរំលោភ
rapid,លឿន
rapidly,យ៉ាងឆាប់រហ័ស
rapids,រហ័ស
rare,កម្រ
rarely,កម្រ
rat,សត្វកណ្តុរ
rate,អត្រា
rated,វាយតម្លៃ
rates,អត្រា
rather,ជាជាង
rating,ការវាយតម្លៃ
ratings,ការវាយតម្លៃ
ratio,សមាមាត្រ
rational,ជាសមាមាត្រ
ratios,សមាមាត្រ
rats,កណ្តុរ
raw,ឆៅ
ray,កាំរស្មី
rays,កាំរស្មី
rc,រចនាសម្ព័នRC
reach,ឈានដល់
reached,ឈានដល់
reaches,ឈានដល់
reaching,ឈានដល់
reaction,ប្រតិកម្ម
reactions,ប្រតិកម្ម
read,អាន
reader,អ្នកអាន
readers,អ្នកអាន
readily,ងាយស្រួល
reading,ការអាន
readings,ការអាន
ready,រួចរាល់
real,ពិតប្រាកដ
realistic,មានភាពជាក់ស្តែង
reality,ការពិត
realize,ដឹង
realized,បានដឹង
really,ពិតជា
realtor,ភ្នាក់ងារអចលនទ្រព្យ
realtors,ភ្នាក់ងារអចលនទ្រព្យ
realty,ភាពជាក់ស្តែង
rear,ខាងក្រោយ
reason,ហេតុផល
reasonable,សមហេតុផល
reasonably,សមហេតុផល
reasoning,ហេតុផល
reasons,ហេតុផល
rebate,ប្រាក់បង្វិលត្រឡប់
rebates,ប្រាក់បង្វិលសង
rebecca,ប៉ូលនិងរេបេកាអាល់ឌីងទីង
rebel,ពួកបះបោរ
rebound,ការបង្រួបបង្រួម
recall,រំលឹកឡើងវិញ
receipt,បង្កាន់ដៃ
receive,ទទួល
received,បានទទួល
receiver,អ្នកទទួល
receivers,អ្នកទទួល
receives,ទទួល
receiving,ទទួល
recent,ថ្មីៗ
recently,ថ្មីៗនេះ
reception,ទទួលភ្ញៀវ
receptor,អ្នកទទួល
receptors,អ្នកទទួល
recipe,រូបមន្ត
recipes,រូបមន្ត
recipient,អ្នកទទួល
recognised,បានទទួលស្គាល់
recognition,ការទទួលស្គាល់
recognize,ទទួលស្គាល់
recognized,ទទួលស្គាល់
recommend,ណែនាំ
recommendation,អនុសាសន៍
recommendations,អនុសាសន៍
recommended,បានណែនាំ
recommends,ផ្តល់អនុសាសន៍
reconstruction,ការកសាងឡើងវិញ
record,កត់ត្រា
recorded,កត់ត្រា
recorder,អ្នកថត
recorders,ឧបករណ៍ថតសំឡេង
recording,ការថត
recordings,ការថតសំឡេង
records,កំណត់ត្រា
recover,ជាសះស្បើយឡើងវិញ
recovered,បានជាសះស្បើយ
recovery,ការងើបឡើងវិញ
recreation,ការកំសាន្ត
recreational,ការកំសាន្ត
recruiting,ការជ្រើសរើសសមាជិកថ្មី
recruitment,ការជ្រើសរើសបុគ្គលិក
recycling,ការកែច្នៃឡើងវិញ
red,ក្រហម
redeem,ប្តូរ
reduce,កាត់បន្ថយ
reduced,កាត់បន្ថយ
reduces,បន្ថយ
reducing,ការកាត់បន្ថយ
reduction,ការកាត់បន្ថយ
reductions,ការកាត់បន្ថយ
reed,ដើមត្រែង
reef,ថ្មប៉ប្រះទឹក
reel,ដុំវិល
ref,យោង
refer,យោង
reference,ឯកសារយោង
referenced,យោងតាម
references,ឯកសារយោង
referral,ការបញ្ជូនបន្ត
referrals,ការបញ្ជូន
referred,យោង
referring,យោង
refers,យោង
refinance,ការផ្តល់ហិរញ្ញប្បទានឡើងវិញ
refine,ចម្រាញ់
refined,បានកែច្នៃ
reflect,ឆ្លុះបញ្ចាំង
reflected,ឆ្លុះបញ្ចាំង
reflection,ការឆ្លុះត្រឡប់
reflections,ការឆ្លុះត្រឡប់
reflects,ឆ្លុះបញ្ចាំង
reform,កំណែទម្រង់
reforms,ការកែទម្រង់
refresh,ធ្វើឱ្យស្រស់
refrigerator,ទូទឹកកក
refugees,ជនភៀសខ្លួន
refund,សងប្រាក់វិញ
refurbished,បានជួសជុលឡើងវិញ
refuse,ការបដិសេធ
refused,ច្រឡំ
reg,រាង
regard,គោរព
regarded,បានពិចារណា
regarding,ទាក់ទងនឹង
regardless,ដោយមិនគិត
regards,គោរព
reggae,រ៉េហ្កាអេ
regime,របប
region,តំបន់
regional,តំបន់
regions,តំបន់
register,ចុះឈ្មោះ
registered,បានចុះឈ្មោះ
registrar,មន្ត្រីអត្រានុកូលដ្ឋាន
registration,ការចុះឈ្មោះ
registry,បញ្ជីឈ្មោះ
regression,បន្ទាត់តំរែតំរង់
regular,ទៀងទាត់
regularly,ទៀងទាត់
regulated,បទប្បញ្ញត្តិ
regulation,បទប្បញ្ញត្តិ
regulations,បទប្បញ្ញត្តិ
regulatory,បទប្បញ្ញត្តិ
rehab,ការស្តារនីតិសម្បទា
rehabilitation,ការស្តារនីតិសម្បទា
reject,សដិសេធច្រានចោល
rejected,បានបដិសេធ
relate,ពាក់ព័ន្ធ
related,ពាក់ព័ន្ធ
relates,ពាក់ព័ន្ធ
relating,ទាក់ទង
relation,ទំនាក់ទំនង
relations,ទំនាក់ទំនង
relationship,ទំនាក់ទំនង
relationships,ទំនាក់ទំនង
relative,សាច់ញាតិ
relatively,ទាក់ទង
relatives,សាច់ញាតិ
relax,សម្រាកលំហែ
relaxation,បន្ធូរអារម្មណ៍
relay,ការបញ្ជូនត
release,ដោះលែង
released,ចេញផ្សាយ
releases,ការចេញផ្សាយ
relevance,ពាក់ព័ន្ធ
relevant,ពាក់ព័ន្ធ
reliability,ភាពជឿជាក់
reliable,អាចទុកចិត្តបាន
reliance,ការពឹងផ្អែក
relief,ការធូរស្បើយ
religion,សាសនា
religions,សាសនា
religious,សាសនា
reload,ផ្ទុកឡើងវិញ
relocation,ការផ្លាស់ប្តូរទីតាំង
rely,ពឹងផ្អែក
relying,ពឹងផ្អែក
remain,នៅសល់
remainder,សំណល់
remained,នៅសល់
remaining,នៅសល់
remains,នៅសល់
remark,កំណត់សម្គាល់
remarkable,គួរឱ្យកត់សម្គាល់
remarks,កំណត់សម្គាល់
remedies,ដំណោះស្រាយ
remedy,សំណង
remember,ចងចាំ
remembered,ចងចាំ
remind,រំលឹក
remix,បញ្ចូលគ្នាឡើងវិញ
remote,ពីចម្ងាយ
removable,ដែលអាចដកចេញបាន
removal,ការដកយកចេញ
remove,យកចេញ
removed,ដកចេញ
removing,យកចេញ
renaissance,បដិសន្ធិ
render,មិនត្រូវក្លាយជា
rendered,ក្លាយជា
rendering,ការបង្ហាញ
renew,បន្តប័ណ្ណ
renewable,មិនអាចបន្តបាន
renewal,ការបន្តឡើងវិញ
rent,ជួល
rental,ជួល
rentals,ការជួល
rep,តំណាង
repair,ជួសជុល
repairs,ការជួសជុល
repeat,ធ្វើម្តងទៀត
repeated,ម្តងហើយម្តងទៀត
replace,ជំនួស
replaced,ជំនួស
replacement,ការជំនួស
replacing,ជំនួស
replica,ចម្លង
replication,ការថតចម្លង
replied,ឆ្លើយតប
replies,ឆ្លើយតប
reply,ឆ្លើយតប
report,របាយការណ៍
reported,រាយការណ៍
reporter,អ្នករាយការណ៍
reporters,អ្នកយកព័ត៌មាន
reporting,រាយការណ៍
reports,របាយការណ៍
repository,ឃ្លាំង
represent,តំណាង
representation,តំណាង
representations,តំណាង
representative,តំណាង
representatives,តំណាង
represented,តំណាង
representing,តំណាង
represents,តំណាង
reprint,បោះពុម្ពឡើងវិញ
reprints,បោះពុម្ពឡើងវិញ
reproduce,បង្កើតឡើងវិញ
reproduced,បានផលិតឡើងវិញ
reproduction,ការបន្តពូជ
reproductive,ការបន្តពូជ
republic,សាធារណរដ្ឋ
republican,សាធារណរដ្ឋ
republicans,គណបក្សសាធារណរដ្ឋ
reputation,ឈ្មោះល្បី
request,សំណើ
requested,បានស្នើសុំ
requesting,ស្នើសុំ
requests,សំណើ
require,ទាមទារ
required,តម្រូវឱ្យមាន
requirement,តម្រូវការ
requirements,តម្រូវការ
requires,ទាមទារ
requiring,ទាមទារ
res,បន្ត
rescue,ការសង្គ្រោះ
research,ការស្រាវជ្រាវ
researcher,អ្នកស្រាវជ្រាវ
researchers,អ្នកស្រាវជ្រាវ
reseller,លក់បន្ត-អ្នកចែកចាយបន្ត
reservation,ការកក់ទុក
reservations,ការកក់ទុក
reserve,បម្រុង
reserved,បានកក់ទុក
reserves,ទុនបម្រុង
reservoir,អាងស្តុកទឹក
reset,កំណត់ឡើងវិញ
residence,លំនៅដ្ឋាន
resident,អ្នកស្រុក
residential,លំនៅដ្ឋាន
residents,អ្នកស្រុក
resist,ទប់ទល់
resistance,ការតស៊ូ
resistant,ធន់ទ្រាំ
resolution,ដំណោះស្រាយ
resolutions,គុណភាពបង្ហាញ
resolve,ដោះស្រាយ
resolved,ដោះស្រាយ
resort,រមណីយដ្ឋាន
resorts,រមណីយដ្ឋាន
resource,ធនធាន
resources,ធនធាន
respect,គោរព
respected,គោរព
respective,រៀងៗខ្លួន
respectively,រៀងៗខ្លួន
respiratory,ផ្លូវដង្ហើម
respond,ឆ្លើយតប
responded,បានឆ្លើយតប
respondent,ភាគីឆ្លើយតប
respondents,អ្នកឆ្លើយសំណួរ
responding,ការឆ្លើយតប
response,ការឆ្លើយតប
responses,ការឆ្លើយតប
responsibilities,ទំនួលខុសត្រូវ
responsibility,ទំនួលខុសត្រូវ
responsible,ទទួលខុសត្រូវ
rest,សម្រាក
restaurant,ភោជនីយដ្ឋាន
restaurants,ភោជនីយដ្ឋាន
restoration,ការស្តារឡើងវិញ
restore,ស្ដារ
restored,បានស្ដារឡើងវិញ
restrict,ដាក់កម្រិត
restricted,បានដាក់កម្រិត
restriction,ការដាក់កម្រិត
restrictions,ការរឹតបន្តឹង
restructuring,ការរៀបចំឡើងវិញ
result,លទ្ធផល
resulted,លទ្ធផល
resulting,លទ្ធផល
results,លទ្ធផល
resume,បន្ត
resumes,ប្រវត្តិរូប
retail,លក់រាយ
retailer,អ្នកលក់រាយ
retailers,ហាងលក់រាយ
retain,រក្សាទុក
retained,រក្សាទុក
retention,ការទប់លំនឹង
retired,ចូលនិវត្តន៍
retirement,ការចូលនិវត្តន៍
retreat,ដកថយ
retrieval,ការទាញយកមកវិញ
retrieve,ទៅយក
retrieved,បានទាញយក
retro,ត្រឡប់វិញDescription
return,ត្រឡប់
returned,បានត្រឡប់មកវិញ
returning,ត្រឡប់មកវិញ
returns,ត្រឡប់
reunion,ព្រះអាទិត្យ
reuters,ឯកសារយោង
rev,វិវរណៈ
reveal,បង្ហាញ
revealed,បានបង្ហាញ
reveals,បង្ហាញ
revelation,វិវរណៈ
revenge,សងសឹក
revenue,ចំណូល
revenues,ចំណូល
reverse,បញ្ច្រាស
review,ពិនិត្យឡើងវិញ
reviewed,ពិនិត្យ
reviewer,អ្នកពិនិត្យ
reviewing,ពិនិត្យ
reviews,ការពិនិត្យឡើងវិញ
revised,កែប្រែ
revision,ការពិនិត្យឡើងវិញ
revisions,ការកែប្រែ
revolution,បដិវត្តន៍
revolutionary,បដិវត្តន៍
reward,រង្វាន់
rewards,រង្វាន់
rhode,រ៉ូដ
rhythm,ចង្វាក់
ribbon,បូ
rica,រីកា
rice,អង្ករ
rich,សម្បូរ
ride,ជិះ
rider,អ្នកជិះ
riders,អ្នកជិះ
rides,ការជិះ
ridge,ជួរភ្នំ
riding,ជិះ
right,ត្រឹមត្រូវ
rights,សិទ្ធិ
rim,ចែវឡើង
ring,ចិញ្ចៀន
rings,ចិញ្ចៀន
ringtone,សំឡេងរោទ៍
ringtones,សំឡេងរោទ៍
rio,រីយ៉ូ
rip,ច្រៀក
ripe,ទំពាំងបាយជូរ
rise,កើនឡើង
rising,កើនឡើង
risk,ហានិភ័យ
risks,ហានិភ័យ
river,ទន្លេ
rivers,ទន្លេ
riverside,មាត់ទន្លេ
road,ផ្លូវ
roads,ផ្លូវ
rob,ប្លន់
robert,រ៉ូបឺត
roberts,រ៉ូបឺត
robertson,រ៉ូបឺតសុន
robin,រ៉ូប៊ីន
robinson,រ៉ូប៊ីនសុន
robot,មនុស្សយន្ត
robots,មនុស្សយន្ត
robust,រឹងមាំ
rock,ថ្ម
rocket,រ៉ុកកែត
rocks,ថ្ម
rocky,ផ្កាថ្ម
rod,ដំបង
role,តួនាទី
roles,តួនាទី
roll,រមៀល
rolled,បានរមៀល
rolling,រមៀល
rolls,រមៀល
roman,រ៉ូម៉ាំង
romance,មនោសញ្ចេតនា
romania,រ៉ូម៉ានី
romantic,មនោសញ្ចេតនា
rome,រ៉ូម
roof,ដំបូល
room,បន្ទប់
roommate,មិត្តរួមបន្ទប់
roommates,មិត្តរួមបន្ទប់
rooms,បន្ទប់
root,ឫស
roots,ឫស
rope,ខ្សែពួរ
rose,ផ្កាកុលាប
roses,ផ្កាកុលាប
ross,រ៉ូស
roster,បញ្ជី
rotary,បង្វិល
rotation,ការបង្វិល
rouge,រ៉ោតទ័រ
rough,រដុប
roughly,ប្រហែល
roulette,រ៉ូឡែត
round,ជុំ
rounds,ជុំ
route,ផ្លូវ
router,រ៉ោតទ័រ
routers,រ៉ោតទ័រ
routes,ផ្លូវ
routine,ទម្លាប់
routines,ទម្លាប់
routing,ការរៀបខ្សែ
row,ជួរ
rows,ជួរដេក
roy,រ៉យ
royal,រាជ
royalty,រាជវង្ស
rpm,RPM
rubber,កៅស៊ូ
ruby,រ៉ូប៊ី
rug,កម្រាលព្រំ
rugby,កីឡាបាល់ឱប
rugs,កម្រាលព្រំ
rule,ក្បួន
ruled,បានគ្រប់គ្រង
rules,ច្បាប់
ruling,ការសម្រេច
run,រត់
running,កំពុងរត់
runs,រត់
runtime,ពេលវេលាដំណើរការ
rural,ជនបទ
rush,ប្រញាប់
russell,រ័សុល
russia,រុស្ស៊ី
russian,រុស្ស៊ី
ruth,នាងរស់
rwanda,រវ៉ាន់ដា
ryan,រីយ៉ាន
sacramento,សាក្រាម៉ង់
sacred,បរិសុទ្ធ
sacrifice,ការលះបង់
sad,សោកសៅ
saddam,សាដាម
safari,សាហ្វារី
safe,សុវត្ថិភាព
safely,មានសុវត្ថិភាព
safer,មានសុវត្ថិភាពជាង
safety,សុវត្ថិភាព
said,បាននិយាយ
sail,នាវាចម្បាំង
sailing,ការជិះទូក
saint,បរិសុទ្ធ
saints,ពួកបរិសុទ្ធ
sake,ប្រយោជន៍
sake,ស្រាសាកិជប៉ុន
salad,សាឡាត់បន្លែ
salaries,ប្រាក់ខែ
salary,ប្រាក់ខែ
sale,ការលក់
sales,ការលក់
sally,សាលី
salmon,ស្លាទុំcolor
salon,សាឡុង
salt,អំបិល
salvador,សាល់វ៉ាឌ័រ
salvation,ការសង្គ្រោះ
same,ដូចគ្នា
samoa,សាម័រ
sample,គំរូ
samples,គំរូ
sampling,គំរូ
samsung,សាំស៊ុង
samuel,សាំយូអែល
sand,ខ្សាច់
sandwich,សាំងវិច
sandy,ខ្សាច់
sans,សាន
santa,សាន់តា
sap,ទឹកជ្រលក់
sapphire,ត្បូងកណ្តៀង
sara,សារ៉ា
sarah,សារ៉ា
sat,អង្គុយ
satellite,ផ្កាយរណប
satisfaction,ការពេញចិត្ត
satisfactory,ពេញចិត្ត
satisfied,ពេញចិត្ត
satisfy,តម្រូវចិត្ត
saturday,ថ្ងៃសៅរ៍
saturn,ភពសៅរ៍
sauce,ទឹកស៊ីអ៊ីវ
saudi,អារ៉ាប៊ីសាអូឌីត
savage,ព្រៃផ្សៃ
savannah,សាវ៉ាណា
save,រក្សាទុក
save,រក្សាទុក
saved,បានរក្សាទុក
saves,រក្សាទុក
saving,សន្សំ
savings,ការសន្សំ
saw,ឃើញ
say,និយាយ
saying,និយាយ
says,និយាយ
scaffold,សង់រន្ទា
scaffold,រន្ទា
scale,មាត្រដ្ឋាន
scales,ខ្នាត
scan,ស្កេន
scanned,បានស្កេន
scanner,ម៉ាស៊ីនស្កេន
scanners,ម៉ាស៊ីនស្កេន
scanning,ការវិភាគរក
scared,ភ័យខ្លាច
scary,គួរឱ្យខ្លាចណាស់
scenario,សេណារីយ៉ូ
scenarios,សេណារីយ៉ូ
scene,កន្លែងកើតហេតុ
scenes,ឈុតឆាក
scenic,ទស្សនីយភាព
schedule,កាលវិភាគ
scheduled,បានកំណត់ពេល
schedules,កាលវិភាគ
scheduling,ការកំណត់ពេលវេលា
schema,គ្រោងការណ៍
scheme,គ្រោងការណ៍
schemes,គ្រោងការណ៍
scholar,អ្នកសិក្សា
scholars,អ្នកប្រាជ្ញ
scholarship,អាហារូបករណ៍
scholarships,អាហារូបករណ៍
school,សាលា
schools,សាលា
sci,វិទ្យាសាស្ត្រ
science,វិទ្យាសាស្ត្រ
sciences,វិទ្យាសាស្ត្រ
scientific,វិទ្យាសាស្ត្រ
scientist,អ្នកវិទ្យាសាស្រ្ត
scientists,អ្នកវិទ្យាសាស្ត្រ
scoop,កុំចូកទឹកកកដោយប្រើ
scope,វិសាលភាព
score,ពិន្ទុ
scored,ស៊ុតបញ្ចូលទី
scores,ពិន្ទុ
scoring,ការដាក់ពិន្ទុ
scotia,ស្កុតឡេន
scotland,ស្កុតឡេន
scott,ស្កុត
scottish,ស្កុតឡេន
scout,ស្គុត
scratch,ស្នាមប្រឡាក់
screen,អេក្រង់
screening,ការពិនិត្យ
screens,អេក្រង់
screensaver,ធាតុរក្សាអេក្រង់
screensavers,ធាតុរក្សាអេក្រង់
screenshot,រូបថតអេក្រង់
screenshots,រូបថតអេក្រង់
screw,វីស
script,ស្គ្រីប
scripting,ការស្គ្រីប
scripts,ស្គ្រីប
scroll,រមូរ
scuba,ឧបករណ៍មុជទឹក
sculpture,រូបចម្លាក់
sea,សមុទ្រ
seafood,ម្ហូបសមុទ្រ
seal,ត្រា
sealed,បិទជិត
sean,ស៊ាន
search,ស្វែងរក
searched,បានស្វែងរក
searches,ស្វែងរក
searching,កំពុងស្វែងរក
seas,សមុទ្រ
season,រដូវ
seasonal,តាមរដូវ
seasons,រដូវ
seat,កៅអី
seating,កន្លែងអង្គុយ
seats,កៅអី
seattle,ស៊ីថល
second,ទីពីរ
secondary,អនុវិទ្យាល័យ
seconds,ទីពីរ
secret,សម្ងាត់
secretariat,លេខាធិការដ្ឋាន
secretary,លេខា
secrets,អាថ៌កំបាំង
section,ផ្នែក
sections,ផ្នែក
sector,វិស័យ
sectors,វិស័យ
secure,សុវត្ថិភាព
secured,ធានា
securely,មានសុវត្ថិភាព
securities,សុវត្ថិភាព
security,សុវត្ថិភាព
see,មើល
seed,គ្រាប់ពូជ
seeds,គ្រាប់ពូជ
seeing,ការមើលឃើញ
seek,ស្វែងរក
seeker,អ្នកស្វែងរក
seekers,អ្នកស្វែងរក
seeking,ស្វែងរក
seeks,ស្វែងរក
seem,ហាក់ដូចជា
seemed,ហាក់ដូចជា
seems,ហាក់ដូចជា
seen,បានឃើញ
sees,មើល
segment,ផ្នែក
segments,ចម្រៀក
select,ជ្រើសរើស
selected,បានជ្រើសរើស
selecting,ការជ្រើសរើស
selection,ការជ្រើសរើស
selections,ការជ្រើស
selective,ជ្រើសរើស
self,ខ្លួនឯង
sell,លក់
seller,អ្នកលក់
sellers,អ្នកលក់
selling,លក់
sells,លក់
semester,ឆមាស
semi,ពាក់កណ្តាល
semiconductor,សេមីកុងឌុចទ័រ
seminar,សិក្ខាសាលា
seminars,សិក្ខាសាលា
senate,ព្រឹទ្ធសភា
senator,សមាជិកព្រឹទ្ធសភា
senators,សមាជិកព្រឹទ្ធសភា
send,ផ្ញើ
sender,អ្នកផ្ញើ
sending,ផ្ញើ
sends,ផ្ញើ
senegal,សេណេហ្កាល់
senior,ជាន់ខ្ពស់
seniors,មនុស្សចាស់
sense,អារម្មណ៍
sensitive,ប្រកាន់អក្សរតូចធំ
sensitivity,យល់ចិត្តគ្នា
sensor,ឧបករណ៍ចាប់សញ្ញា
sensors,ឧបករណ៍ចាប់សញ្ញា
sent,បានផ្ញើ
sentence,ប្រយោគ
sentences,ប្រយោគ
sep,កញ្ញា
separate,ដាច់ដោយឡែក
separated,ចែកផ្លូវគ្នា
separately,លាងស្អាតដាច់ដោយឡែក
separation,ការបំបែក
sept,កញ្ញា
september,កញ្ញា
seq,ឈុតឬលំដាប់
sequence,លំដាប់
sequences,លំដាប់
serbia,ស៊ែប
serial,សៀរៀល
series,ស៊េរី
serious,ធ្ងន់ធ្ងរ
seriously,ធ្ងន់ធ្ងរ
serum,សេរ៉ូម
serve,បម្រើ
served,បម្រើ
server,ម៉ាស៊ីនមេ
servers,ម៉ាស៊ីនមេ
serves,បម្រើ
service,សេវា
services,សេវាកម្ម
serving,បម្រើ
session,សម័យ
sessions,វគ្គ
set,កំណត់
sets,កំណត់
setting,ការកំណត់
settings,ការកំណត់
settle,ដោះស្រាយ
settled,ដោះស្រាយ
settlement,ការតាំងទីលំនៅ
setup,រៀបចំ
seven,ប្រាំពីរ
seventh,ទីប្រាំពីរ!
several,ជាច្រើន
severe,ធ្ងន់ធ្ងរ
sewing,ដេរ
sex,ភេទ
sexcam,កាមេរ៉ាសិច
sexual,ផ្លូវភេទ
sexuality,ផ្លូវភេទ
sexy,សិចស៊ី
shade,ស្រមោល
shades,ស្រមោល
shadow,ស្រមោល
shadows,រាក់
shaft,សោចាក់
shake,រង្គោះរង្គើរ?
shakespeare,វីលីមហ្សេកស្ពែរ
shakira,សាគីរ៉ា
shall,ត្រូវ
shame,គួរឲ្យអាម៉ាស់ណាស់
shanghai,សៀងហៃ
shape,រាង
shaped,រាង
shapes,ភាពផ្លាស់ប្តូរ
share,ចែករំលែក
shared,ចែករំលែក
shareholders,ភាគទុនិក
shares,ភាគហ៊ុន
shareware,ឧបករណ៍ចែករំលែក
sharing,ការចែករំលែក
shark,ត្រីឆ្លាម
sharon,សារ៉ុន
sharp,មុតស្រួច
shaved,កោរសក់
shaw,អណ្តែត
she,នាង
shed,ការបាត់បង់
sheep,ចៀម
sheer,ស្រោមអនាម័យ
sheet,សន្លឹក
sheets,សន្លឹក
sheffield,ទីក្រុងស៊ីហ្វីលដ៍
shelf,ធ្នើ
shell,សែល
shelter,ជំរក
shemale,ស្រ្ដី
shemales,កូនចៀម
shepherd,អ្នកគង្វាល
sheriff,សាលាសង្កាត់
shield,ខែល
shift,ផ្លាស់ប្តូរ
shine,ភ្លឺចែងចាំង
ship,នាវា
shipment,ការដឹកជញ្ជូន
shipments,ការដឹកជញ្ជូន
shipped,ដឹកជញ្ជូន
shipping,ការដឹកជញ្ជូន
ships,នាវា
shirt,អាវ
shirts,អាវ
shit,លាមក
shock,តក់ស្លុត
shoe,ស្បែកជើង
shoes,ស្បែកជើង
shoot,បាញ់
shooting,ការបាញ់ប្រហារ
shop,ហាង
shopper,អ្នកទិញទំនិញ
shoppers,អ្នកទិញទំនិញ
shopping,ការទិញទំនិញ
shops,ហាង
shopzilla,ហាងហ្សីឡា
shore,ច្រាំង
short,ខ្លី
shortcuts,ផ្លូវកាត់
shorter,ខ្លីជាង
shortly,មិនយូរប៉ុន្មានទេ
shorts,ខោខ្លី
shot,បាញ់
shots,ការបាញ់ប្រហារ
should,គួរ
shoulder,ស្មា
show,បង្ហាញ
showcase,ការបង្ហាញ
showed,បានបង្ហាញ
shower,ផ្កាឈូក
showers,ភ្លៀងរលឹម
showing,ការបង្ហាញ
shown,បានបង្ហាញ
shows,បង្ហាញ
showtimes,ម៉ោងបញ្ចាំង
shut,បិទ
shuttle,យានជំនិះ
sick,ឈឺ
side,ផ្នែក
sides,ផ្នែក
siemens,ស៊ីមេន
sierra,សៀរ៉ា
sig,ហត្ថលេខា
sight,ការមើលឃើញ
sigma,ស៊ីហ្គាម៉ា
sign,សញ្ញា
signal,សញ្ញា
signals,សញ្ញា
signature,ហត្ថលេខា
signatures,ហត្ថលេខា
signed,បានចុះហត្ថលេខា
significance,សារៈសំខាន់
significant,សំខាន់
significantly,យ៉ាងសំខាន់
signing,ហត្ថលេខា
signs,សញ្ញា
signup,ចុះឈ្មោះ
silence,ស្ងាត់
silent,ស្ងាត់
silicon,ស៊ីលីកូន
silk,សូត្រ
silly,ល្ងីល្ងើ
silver,ប្រាក់
sim,ស៊ីម
similar,ស្រដៀងគ្នា
similarly,ស្រដៀងគ្នា
simon,ស៊ីម៉ូន
simple,សាមញ្ញ
simplified,លំហូរសាមញ្ញ
simply,សាមញ្ញ
simpson,ស៊ីមសុន
sims,ស៊ីម
simulation,ការក្លែងធ្វើ
simulations,ការក្លែងធ្វើ
simultaneously,ក្នុងពេលដំណាលគ្នា
sin,អំពើបាប
since,ចាប់តាំងពី
sing,ច្រៀង
singapore,សិង្ហបុរី
singer,អ្នកចម្រៀង
singing,ច្រៀង
single,តែមួយ
singles,តែមួយ
sink,អាងងូតទឹក
sip,ញ៉ាំមួយចឹប
sir,លោក
sister,បងស្រី
sisters,បងប្អូនស្រី
sit,អង្គុយ
site,គេហទំព័រ
sitemap,ផែនទីគេហទំព័រ
sites,គេហទំព័រ
sitting,អង្គុយ
situated,ទីតាំង
situation,ស្ថានភាព
situations,ស្ថានភាព
six,ប្រាំមួយ
sixth,ទី៦
size,ទំហំ
sized,ទំហំ
sizes,ទំហំ
skating,ជិះស្គី
ski,ជិះស្គី
skiing,ជិះស្គី
skill,ជំនាញ
skilled,ជំនាញ
skills,ជំនាញ
skin,ស្បែក
skins,ស្បែក
skip,រំលង
skirt,សំពត់
skirts,សំពត់
sky,មេឃ
slave,ទាសករ
sleep,គេង
sleeping,គេង
sleeps,ដេក
sleeve,ដៃអាវ
slide,ស្លាយ
slides,ស្លាយដ៍
slideshow,ការបង្ហាញស្លាយ
slight,ស្រាល
slightly,បន្តិច
slim,ស្គម
slip,រអិល
slope,ជ្រាល
slot,រន្ធ
slots,រន្ធ
slovak,ភាសាស្លូវ៉ាគី
slovakia,ស្លូវ៉ាគី
slovenia,ស្លូវេនី
slow,យឺត
slowly,យឺត
slut,ស្រីសំផឹង
sluts,ស្លុត
small,តូច
smaller,តូចជាង
smallest,តូចបំផុត
smart,ឆ្លាត
smell,ក្លិន
smile,ញញឹម
smilies,ញញឹម
smith,ស្មីត
smithsonian,ស្មីតសូនីន
smoke,ជក់បារី
smoking,ការជក់បារី
smooth,រលោង
snake,សត្វពស់
snap,ខ្ទាស់
snapshot,រូបថត
snow,ព្រិល
snowboard,ផ្ទាំងព្រិល
soap,សាប៊ូ
soccer,បាល់ទាត់
social,សង្គម
societies,សង្គម
society,សង្គម
sociology,សង្គមវិទ្យា
socket,រន្ធ
socks,ស្រោមជើង
sodium,សូដ្យូម
sofa,សាឡុង
soft,ទន់
softball,បាល់ទន់
software,កម្មវិធី
software,សូហ្វវែរ
soil,ដី
solar,ព្រះអាទិត្យ
sold,លក់
soldier,ទាហាន
soldiers,ទាហាន
sole,តែមួយគត់
solely,ទាំងស្រុង
solid,រឹង
solo,ទោល
solomon,សាឡូម៉ូន
solution,ដំណោះស្រាយ
solutions,ដំណោះស្រាយ
solve,ដោះស្រាយ
solved,មិនដោះស្រាយ
solving,ដោះស្រាយ
soma,ក្រុមហ៊ុនសូម៉ាថាមពល
somalia,តាន់
some,ខ្លះ
somebody,នរណាម្នាក់
somehow,តាមវិធីណាមួយ
someone,នរណាម្នាក់
something,អ្វីមួយ
sometimes,ពេលខ្លះ
somewhat,បន្តិច
somewhere,កន្លែងណាមួយ
sony,សូនី
soon,ឆាប់ៗនេះ
soonest,លឿនបំផុត
sophisticated,ភាពស្មុគស្មាញ
sorry,សុំទោស
sort,តម្រៀប
sought,បានស្វែងរក
soul,ព្រលឹង
souls,ព្រលឹង
sound,សំឡេង
sounds,សំឡេង
soundtrack,Soundtrack
soup,ស៊ុប
source,ប្រភព
sources,ប្រភព
south,ខាងត្បូង
southeast,ភាគអាគ្នេយ៍
southern,ខាងត្បូង
southwest,ភាគនិរតី
soviet,សូវៀត
spa,ស្ប៉ា
space,លំហ
spaces,ចន្លោះ
spain,អេស្ប៉ាញ
spam,សារឥតបានការ
span,គ្របដណ្តប់
spanish,ភាសាអេស្ប៉ាញ
spank,វាយដំ
spanking,ការវាយតប់
spare,គ្រឿងបន្លាស់
spas,ស្ប៉ា
spatial,លំហ
speak,និយាយ
speaker,វាគ្មិន
speakers,វាគ្មិន
speaking,ការនិយាយ
speaks,និយាយ
spears,លំពែង
spec,ជាក់លាក់
special,ពិសេស
specialist,អ្នកឯកទេស
specialists,អ្នកឯកទេស
specialized,ឯកទេស
specializing,ឯកទេស
specially,ជាពិសេស
specials,ពិសេស
specialties,ឯកទេស
specialty,ឯកទេស
species,ប្រភេទ
specific,ជាក់លាក់
specifically,ជាពិសេស
specification,ការបញ្ជាក់
specifications,លក្ខណៈពិសេស
specifics,សេចក្តីបញ្ជាក់
specified,បញ្ជាក់
specifies,បញ្ជាក់
specify,បញ្ជាក់
specs,លក្ខណៈពិសេស
spectacular,អស្ចារ្យ
spectrum,វិសាលគម
speech,សុន្ទរកថា
speeches,សុន្ទរកថា
speed,ល្បឿន
speeds,ល្បឿន
spell,ប្រកប
spelling,ការប្រកប
spend,ចំណាយ
spending,ការចំណាយ
spent,បានចំណាយ
sphere,ស្វ៊ែរ
spice,គ្រឿងទេស
spider,សត្វពីងពាង
spies,ចារកម្ម
spin,បង្វិល
spine,ឆ្អឹងខ្នង
spirit,វិញ្ញាណ
spirits,វិញ្ញាណ
spiritual,ខាងវិញ្ញាណ
spirituality,ខាងវិញ្ញាណ
split,បំបែក
spoke,បាននិយាយ
spokesman,អ្នកនាំពាក្យ
sponsor,អ្នកឧបត្ថម្ភ
sponsored,ឧបត្ថម្ភ
sponsors,អ្នកឧបត្ថម្ភ
sponsorship,ការឧបត្ថម្ភ
sport,កីឡា
sporting,កីឡា
sports,កីឡា
spot,កន្លែង
spotlight,ភ្លើងបំភ្លឺ
spots,លេខចាប់ឲ្យត្រូវ
spouse,ប្រពន្ធឬប្តី
spray,បាញ់
spread,រីករាលដាល
spreading,ការរីករាលដាល
spring,និទាឃរដូវ
springer,រ៉ឺស័រ
springs,ទឹកហូរ
sprint,ការធ្វើផែនការSprint
spy,ចារកម្ម
spyware,Malware/Spyware
squad,ក្រុម
square,ការ៉េ
squirt,កាកសំណល់
squirting,ការកន្ត្រាក់
stability,ស្ថេរភាព
stable,ស្ថិរភាព
stack,ថយក្រោយ
stadium,ពហុកីឡដ្ឋាន
staff,បុគ្គលិក
staffing,ការជួលបុគ្គលិក
stage,ដំណាក់កាល
stages,ដំណាក់កាល
stainless,អ៊ីណុក
stake,ភាគហ៊ុន
stakeholders,អ្នកពាក់ព័ន្ធ
stamp,លំដាប់ទីមួយ
stamps,ត្រា
stan,សោភ័ណ
stand,ឈរ
standard,ស្តង់ដារ
standards,ស្តង់ដារ
standing,ឈរ
standings,ចំណាត់ថ្នាក់
stands,ឈរ
stanford,សាកលវិទ្យាល័យស្តានហ្វត
star,តារា
starring,កំពុងដើរតួ
stars,តារា
starsmerchant,ពាណិជ្ជករផ្កាយ
start,ចាប់ផ្តើម
started,បានចាប់ផ្តើម
starter,ចាប់ផ្តើម
starting,ចាប់ផ្តើម
starts,ចាប់ផ្តើម
startup,ស្តាតអាប់
stat,ចូលប្រើ
state,រដ្ឋ
stated,បានបញ្ជាក់
statement,សេចក្តីថ្លែងការណ៍
statements,សេចក្តីថ្លែងការណ៍
states,រដ្ឋ
statewide,ទូទាំងរដ្ឋ
static,ឋិតិវន្ត
stating,ក្នុងពេលវេលា
station,ស្ថានីយ៍
stationery,សម្ភារៈការិយាល័យ
stations,ស្ថានីយ៍
statistical,ស្ថិតិ
statistics,ស្ថិតិ
stats,ស្ថិតិ
status,ស្ថានភាព
statute,លក្ខន្ដិកៈ
statutes,លក្ខន្ដិកៈ
statutory,ច្បាប់
stay,ស្នាក់នៅ
stayed,នៅ
staying,ស្នាក់នៅ
stays,ស្នាក់នៅ
steady,ស្ថិរភាព
steal,លួច
steam,ចំហាយ
steel,ដែក
steering,ចង្កូត
stem,ដើម
step,ជំហាន
stephanie,ស្តេហ្វានីនីអេសស្ទីន
stephen,ស្តេហ្វិន
steps,ជំហាន
stereo,ស្តេរ៉េអូ
steve,ស្ទីវ
steven,ស្ទីវិន
stick,ដំបង
sticker,ស្ទីគ័រ
stickers,ស្ទីគ័រ
sticks,ដំបង
sticky,ស្អិត
still,នៅតែ
stock,ស្តុក
stockings,ស្រោមជើងកវែង
stocks,ស្តុក
stolen,លួច
stomach,ក្រពះ
stone,ថ្ម
stones,ថ្ម
stood,បានឈរ
stop,ឈប់
stopped,ឈប់
stopping,កំពុងបញ្ឈប់
stops,បញ្ឍប់
storage,ការផ្ទុក
store,ហាង
stored,រក្សាទុក
stores,ហាង
stories,រឿង
storm,ព្យុះ
story,រឿង
straight,ត្រង់
strain,ការរមួលសាច់ដុំ
strand,ខ្សែអក្សរ
strange,ចម្លែក
stranger,ជនចម្លែក
strap,ខ្សែ
strategic,យុទ្ធសាស្ត្រ
strategies,យុទ្ធសាស្ត្រ
strategy,យុទ្ធសាស្ត្រ
stream,ស្ទ្រីម
streaming,លំហូទិន្នន័យ
streams,ស្ទ្រីមរបស់ខ្ញុំ
street,ផ្លូវ
streets,ផ្លូវ
strength,កម្លាំង
strengthen,ពង្រឹង
strengthening,ពង្រឹង
strengths,ភាពខ្លាំង៖
stress,ភាពតានតឹង
stretch,លាត
strict,រឹងមាំ
strict,តឹងរឹង
strict,តឹងតែង
strictly,តឹងរ៉ឹង
strike,កូដកម្ម
strikes,ការធ្វើកូដកម្ម
striking,គួរឱ្យចាប់អារម្មណ៍
string,ខ្សែអក្សរ
strings,ខ្សែអក្សរ
strip,បន្ទះ
stripes,ឆ្នូត
strips,បន្ទះ
stroke,ជំងឺដាច់សរសៃឈាមខួរក្បាល
strong,ខ្លាំង
stronger,ខ្លាំងជាង
strongly,យ៉ាងខ្លាំង
struck,វាយ
struct,រចនាសម្ព័ន្ធ
structural,រចនាសម្ព័ន្ធ
structure,រចនាសម្ព័ន្ធ
structured,មានរចនាសម្ព័ន្ធ
structures,រចនាសម្ព័ន្ធ
struggle,ការតស៊ូ
stuck,ជាប់គាំង
student,សិស្ស
students,សិស្ស
studied,បានសិក្សា
studies,ការសិក្សា
studio,ស្ទូឌីយោ
studios,ស្ទូឌីយោ
study,ការសិក្សា
study,សិក្សា
study,រៀន
studying,កំពុងសិក្សា
stuff,វត្ថុ
stuffed,បំពេញ
stunning,គួរឱ្យភ្ញាក់ផ្អើល
stupid,ឆោតល្ងង់
style,រចនាប័ទ្ម
styles,រចនាប័ទ្ម
stylish,រចនាប័ទ្ម
sub,រង
subcommittee,អនុគណៈកម្មាធិការ
subdivision,អនុមន្ទីរ
subject,ប្រធានបទ
subjective,អត្តនោម័តិ
subjects,ប្រធានបទ
sublime,អស្ចារ្យ
submission,ការដាក់ស្នើ
submissions,ការដាក់
submit,ដាក់ស្នើ
submitted,បានដាក់ស្នើ
submitting,ដាក់
subscribe,ជាវ
subscriber,អ្នកជាវ
subscribers,អ្នកប្រើប្រាស់ប្រចាំខែ
subscription,ការជាវ
subscriptions,ការជាវ
subsection,ផ្នែករង
subsequent,ជាបន្តបន្ទាប់
subsequently,ពេលក្រោយៗ
subsidiaries,ក្រុមហ៊ុនបុត្រសម្ព័ន្ធ
subsidiary,ដែលកាន់កាប់ទាំងស្រុង
substance,សារធាតុ
substances,សារធាតុ
substantial,សំខាន់
substantially,ធ្ងន់ធ្ងរជាង
substitute,ជំនួស
subtle,ល្មម
suburban,ជាយក្រុង
succeed,បានជោគជ័យ
success,ជោគជ័យ
successful,ជោគជ័យ
successfully,ដោយជោគជ័យ
such,ដូចជា
suck,ជញ្ជក់
sucking,ការស្រូប
sucks,ជញ្ជក់
sudan,ស៊ូដង់
sudden,រំពេច
suddenly,ភ្លាមៗ
sue,ប្ដឹង
suffer,រងទុក្ខ
suffered,រងទុក្ខវេទនា
suffering,ការរងទុក្ខ
sufficient,គ្រប់គ្រាន់
sufficiently,គ្រប់គ្រាន់
sugar,ស្ករ
suggest,ស្នើ
suggested,បានណែនាំ
suggesting,ណែនាំ
suggestion,ការផ្តល់យោបល់
suggestions,សំណូមពរ
suggests,ណែនាំ
suicide,ការធ្វើអត្តឃាត
suit,ឈុត
suitable,សមរម្យ
suite,ឈុត
suited,សម
suites,ឈុត
suits,ឈុត
summaries,សេចក្ដីសង្ខេប
summary,សង្ខេប
summer,រដូវក្តៅ
summit,កិច្ចប្រជុំកំពូល
sunday,ថ្ងៃអាទិត្យ
sunglasses,វ៉ែនតាខ្មៅ
sunny,មានពន្លឺថ្ងៃ
sunrise,ព្រះអាទិត្យរះ
sunset,ថ្ងៃលិច
sunshine,ពន្លឺព្រះអាទិត្យ
super,អស្ចារ្យ
superb,អស្ចារ្យ
superintendent,អគ្គនាយក
superior,ឧត្តម
supervision,ការត្រួតពិនិត្យ
supervisor,អ្នកគ្រប់គ្រង
supervisors,អ្នកត្រួតពិនិត្យ
supplement,បន្ថែម
supplemental,បន្ថែម
supplements,អាហារបំប៉ន
supplied,ផ្គត់ផ្គង់
supplier,អ្នកផ្គត់ផ្គង់
suppliers,អ្នកផ្គត់ផ្គង់
supplies,ការផ្គត់ផ្គង់
supply,ការផ្គត់ផ្គង់
support,គាំទ្រ
support,ជំនួយ
supported,គាំទ្រ
supporters,អ្នកគាំទ្រ
supporting,គាំទ្រ
supports,គាំទ្រ
suppose,ឧបមា
supposed,សន្មត់
supreme,កំពូល
sure,ប្រាកដ
surely,ប្រាកដណាស់
surf,ជិះរលក(កីឡា)
surface,ផ្ទៃ
surfaces,ផ្ទៃ
surfing,កីឡាជិះរលក
surge,កើនឡើង
surgeon,គ្រូពេទ្យវះកាត់
surgeons,គ្រូពេទ្យវះកាត់
surgery,ការវះកាត់
surgical,ការវះកាត់
surname,គោត្តនាម
surplus,អតិរេកសាច់ប្រាក់
surprise,ភ្ញាក់ផ្អើល
surprised,ភ្ញាក់ផ្អើល
surprising,គួរឱ្យភ្ញាក់ផ្អើល
surround,ជុំវិញ
surrounded,ព័ទ្ធជុំវិញ
surrounding,ជុំវិញ
surveillance,ការឃ្លាំមើល
survey,ការស្ទង់មតិ
surveys,ការស្ទង់មតិ
survival,ការរស់រានមានជីវិត
survive,រស់រានមានជីវិត
survivor,អ្នករស់រានមានជីវិត
survivors,អ្នករស់រានមានជីវិត
susan,ស៊ូសាន
suspect,ជនសង្ស័យ
suspected,សង្ស័យ
suspended,បានផ្អាក
suspension,ការព្យួរ
sustainability,និរន្តរភាព
sustainable,និរន្តរភាព
sustained,មាននិរន្តរភាព
swap,ឆ្លាស់
swaziland,ស្វាស៊ីឡង់
sweden,ស៊ុយអែត
swedish,ស៊ុយអែត
sweet,ផ្អែម
swift,កូដSWIFT
swim,ហែលទឹក
swimming,ហែលទឹក
swing,យោល
swingers,ទោងយោល
swiss,ស្វីស
switch,ប្តូរ
switched,បានបើក
switches,កុងតាក់
switching,ការប្ដូរ
switzerland,ស្វីស
sword,ដាវ
sydney,ស៊ីដនី
symantec,ស៊ីម៉ាន់តិច
symbol,និមិត្តសញ្ញា
symbols,និមិត្តសញ្ញា
sympathy,ការអាណិតអាសូរ
symphony,មហោរី
symposium,សន្និសីទ
symptoms,រោគសញ្ញា
sync,ស័ងក្រូន
syndicate,កិច្ចការរួម
syndication,ការបង្រួម
syndrome,រោគសញ្ញា
synopsis,ខ្លឹមសារសង្ខេប
syntax,វាក្យសម្ព័ន្ធ
synthesis,ការសំយោគ
synthetic,សំយោគ
syria,ប្រទេសស៊ីរី
system,ប្រព័ន្ធ
systematic,ប្រព័ន្ធ
systems,ប្រព័ន្ធ
table,តារាង
tables,តារាង
tablet,ថេប្លិត
tablets,ថេប្លេត
tabs,ផ្ទាំង
tackle,ដោះស្រាយ
tactics,យុទ្ធវិធី
tail,កន្ទុយ
taiwan,តៃវ៉ាន់
take,យក
taken,បានយក
takes,យក
taking,ទទួលយក
tale,រឿង
talent,ទេពកោសល្យ
talented,ទេពកោសល្យ
tales,រឿងនិទាន
talk,និយាយ
talked,បាននិយាយ
talking,និយាយ
talks,ការពិភាក្សា
tall,កម្ពស់
tamil,ភាសាតាមីល
tampa,តាំប៉ា
tank,ធុង
tanks,រថក្រោះ
tanzania,តង់សានី
tap,ប៉ះចុច
tape,កាសែត
tapes,ស្កុត
target,គោលដៅ
targeted,គោលដៅ
targets,គោលដៅ
tariff,ថ្លៃឈ្នួល
task,ភារកិច្ច
tasks,កិច្ចការ
taste,រសជាតិ
tattoo,ស្នាមសាក់
taught,បង្រៀន
tax,ពន្ធ
taxation,ការបង់ពន្ធ
taxes,ពន្ធ
taxi,តាក់ស៊ី
tea,តែ
teach,បង្រៀន
teacher,គ្រូ
teachers,គ្រូបង្រៀន
teaches,បង្រៀន
teaching,ការបង្រៀន
team,ក្រុម
teams,ក្រុម
tear,ទឹកភ្នែក
tears,ទឹកភ្នែក
tech,បច្ចេកវិទ្យា
technical,បច្ចេកទេស
technician,អ្នកបច្ចេកទេស
technique,បច្ចេកទេស
techniques,បច្ចេកទេស
techno,តិចណូ
technological,ជាបច្ចេកវិទ្យា
technologies,បច្ចេកវិទ្យា
technology,បច្ចេកវិទ្យា
techrepublic,បច្ចេកវិទ្យាសាធារណៈ
teddy,តុក្កតាខ្លាឃ្មុំ
tee,អាវ
teen,វ័យជំទង់
teenage,វ័យជំទង់
teens,វ័យជំទង់
teeth,ធ្មេញ
tel,ទូរស័ព្ទ
telecharger,ឧបករណ៍ទាញយក
telecom,ទូរគមនាគមន៍
telecommunications,ទូរគមនាគមន៍
telephone,ទូរស័ព្ទ
telephony,ទូរសព្ទ
telescope,តេលេស្កូប
television,ទូរទស្សន៍
televisions,ទូរទស្សន៍
tell,ប្រាប់
telling,ប្រាប់
tells,ប្រាប់
temp,សីតុណ្ហភាព
temperature,សីតុណ្ហភាព
temperatures,សីតុណ្ហភាព
template,គំរូ
templates,គំរូ
temple,ប្រាសាទ
temporal,បណ្ដោះអាសន្ន
temporarily,បណ្តោះអាសន្ន
temporary,បណ្តោះអាសន្ន
ten,ដប់
tenant,ភាគីអ្នកជួល(ភតិកៈ)
tend,ទំនោរ
tennessee,រដ្ឋTennessee
tennis,កីឡាវាយកូនបាល់
tension,ភាពតានតឹង
tent,តង់
term,រយៈពេល
terminal,ស្ថានីយ
terminals,terminals
termination,បញ្ចប់
terminology,ពាក្យស័ព្ទ
terms,លក្ខខណ្ឌ
terrain,លក្ខណៈភូមិសាស្ត្រ
terrible,យ៉ាប់
territories,ដែនដី
territory,ទឹកដី
terror,ភេរវកម្ម
terrorism,ភេរវកម្ម
terrorist,ភេរវករ
terrorists,ភេរវករ
terry,ធារី
test,តេស្ត
testament,មរតក
tested,សាកល្បង
testimonials,ទីបន្ទាល់
testimony,សក្ខីកម្ម
testing,ការធ្វើតេស្ត
tests,តេស្ត
texas,រដ្ឋតិចសាស់
text,អត្ថបទ
textbook,សៀវភៅសិក្សា
textbooks,សៀវភៅសិក្សា
textile,ក្រណាត់
textiles,វាយនភ័ណ្ឌ
texts,អត្ថបទ
texture,វាយនភាព
thai,ថៃ
thailand,ប្រទេសថៃ
thank,អរគុណ
thanks,អរគុណ
thanksgiving,បុណ្យថ្លែងអំណរគុណ
that,ដែល
that,ដែល
theater,ល្ខោន
theaters,រោងភាពយន្ត
theatre,ល្ខោន
theft,ចោរកម្ម
thehun,ធួន
their,របស់ពួកគេ
them,ពួកគេ
theme,ប្រធានបទ
themes,ពួកគេ
themselves,ខ្លួនគេ
then,បន្ទាប់
theology,ទ្រឹស្តី
theorem,ទ្រឹស្តីបទ
theoretical,ទ្រឹស្តី
theories,ទ្រឹស្តី
theory,ទ្រឹស្តី
therapeutic,ការព្យាបាល
therapist,អ្នកព្យាបាលរោគ
therapy,ការព្យាបាល
there,នៅទីនោះ
thereafter,បន្ទាប់ពីនោះ
thereby,ដូច្នេះ
therefore,ដូច្នេះ
thereof,របស់វា
thermal,កម្ដៅ
thesaurus,កម្រងវេវចនសព្ទ
these,ទាំងនេះ
thesis,និក្ខេបបទ
theta,θ
theta,Θ
they,ពួកគេ
thick,ក្រាស់
thickness,កម្រាស់
thin,ស្តើង
thing,រឿង
things,របស់
think,គិត
thinking,ការគិត
thinkpad,កម្រងគំនិត
thinks,គិត
third,ទីបី
thirty,សាមសិប
this,នេះ
thomas,ថូម៉ាស
thompson,ថមសុន
thomson,ថមសុន
thorough,លម្អិត
thoroughly,យ៉ាងហ្មត់ចត់
those,ទាំងនោះ
thou,អ្នក
though,ទោះបីជា
thought,គំនិត
thoughts,គំនិត
thousand,ពាន់
thousands,រាប់ពាន់
thread,ខ្សែស្រឡាយ
threaded,ប៊ូឡុងវីសខ្ចៅ
threads,ខ្សែស្រឡាយ
threat,ការគំរាមកំហែង
threatened,មានការគំរាមកំហែង
threatening,គំរាមកំហែង
threats,ការគំរាមកំហែង
three,បី
threesome,បី
threshold,កម្រិតពន្លឺ
thriller,រន្ធត់
throat,បំពង់ក
through,តាមរយៈ
throughout,នៅទូទាំង
throw,បោះ
throwing,បោះចោល
thrown,បោះចោល
throws,បោះ
thumb,មេដៃ
thumbnail,រូបភាពតូច
thumbnails,កូនរូបភាព
thumbs,មេដៃ
thumbzilla,
thunder,ផ្គររន្ទះ
thursday,ថ្ងៃព្រហស្បតិ៍
thus,ដូច្នេះ
thy,របស់អ្នក
ticket,សំបុត្រ
tickets,សំបុត្រ
tide,រលក
tie,ចង
tied,បានចង
tier,លំដាប់ថ្នាក់
ties,ចំណង
tiffany,ធីហ្វានី
tiger,ខ្លា
tigers,ខ្លា
tight,តឹង
til,រហូតដល់
tile,ក្រឡាក្បឿងkajongg
tiles,ក្រឡា
till,រហូតដល់
timber,ឈើ
time,ពេលវេលា
timeline,បន្ទាត់ពេលវាលា
timely,ទាន់ពេលវេលា
timer,កម្មវិធីកំណត់ពេលវេលា
times,ដង
timing,ពេលវេលា
timothy,ធីម៉ូថេ
tin,សំណប៉ាហាំង
tiny,តូច
tion,រឿង
tions,កិច្ចការ
tip,ព័ត៌មានជំនួយ
tips,គន្លឹះ
tire,សម្បកកង់
tired,នឿយហត់
tires,សំបកកង់
tissue,ជាលិកា
tit,ទីត
titanium,ទីតានីញ៉ូម
titans,ទីតាន
title,ចំណងជើង
titled,ចំណងជើង
titles,ចំណងជើង
tits,ក្បាលសុដន់
titten,ទីថេន
tmp,បណ្ដោះអាសន្ន
tobacco,ថ្នាំជក់
tobago,ទ្រីនីដាដនិងតូបាហ្គោ
today,ថ្ងៃនេះ
toddler,កូនក្មេង
toe,ម្រាមជើង
together,ជាមួយគ្នា
toilet,បង្គន់
token,សញ្ញាសម្ងាត់
tokyo,តូក្យូ
told,បានប្រាប់
tolerance,ភាពស្រដៀងគ្នា
toll,ថ្លៃឈ្នួល
tomato,ប៉េងប៉ោះ
tomatoes,ប៉េងប៉ោះ
tommy,ថមមី
tomorrow,ថ្ងៃស្អែក
ton,តោន
tone,សម្លេង
tones,សម្លេង
tongue,អណ្តាត
tonight,យប់នេះ
tons,ណឺត្រុង
took,បានយក
tool,ឧបករណ៍
toolbar,របារឧបករណ៍
toolbox,ប្រអប់ឧបករណ៍
toolkit,កញ្ចប់ឧបករណ៍
tools,ឧបករណ៍
tooth,ធ្មេញ
top,លើស
topic,ប្រធានបទ
topics,ប្រធានបទ
topless,ដែលគ្មានអាវ
tops,លើស
toronto,តូរ៉ុនតូ
torture,ការធ្វើទារុណកម្ម
toshiba,តូស៊ីបា
total,សរុប
totally,ទាំងស្រុង
totals,សរុប
touch,ប៉ះ
touched,ប៉ះ
tough,តឹង
tour,ដំណើរកំសាន្ត
touring,ដំណើរកម្សាន្ត៖
tourism,ទេសចរណ៍
tourist,អ្នកទេសចរ
tournament,ការប្រកួត
tournaments,ការប្រកួត
tours,ដំណើរកំសាន្ត
toward,ឆ្ពោះទៅរក
towards,ឆ្ពោះទៅរក
tower,ប៉ម
towers,បន្ទាយ
town,ទីក្រុង
towns,ទីប្រជុំជន
township,ទីប្រជុំជន
toxic,ពុល
toy,ប្រដាប់ក្មេងលេង
toyota,តូយ៉ូតា
toys,ប្រដាប់ក្មេងលេង
trace,ដាន
track,បទ
trackback,តាមដាន
trackbacks,ការតាមដាន
tracked,បានតាមដាន
tracker,កម្មវិធីតាមដាន
tracking,ការតាមដាន
tracks,បទ
tract,ក្រដាស
tractor,ត្រាក់ទ័រ
tracy,ត្រាស៊ី
trade,ពាណិជ្ជកម្ម
trademark,ពាណិជ្ជសញ្ញា
trademarks,ពាណិជ្ជសញ្ញា
trader,ពាណិជ្ជករ
trades,ការជួញដូរខាតបង់
trading,ការជួញដូរ
tradition,ប្រពៃណី
traditional,ប្រពៃណី
traditions,ទំនៀមទម្លាប់
traffic,ចរាចរណ៍
tragedy,សោកនាដកម្ម
trail,ផ្លូវលំ
trailer,ឈុតខ្លីៗ
trailers,ភាពយន្ត
trails,ផ្លូវ
train,រថភ្លើង
trained,បានបណ្តុះបណ្តាល
trainer,គ្រូឧទ្ទេស
trainers,គ្រូបណ្តុះបណ្តាល
training,ការបណ្តុះបណ្តាល
trains,រថភ្លើង
tramadol,ថ្នាំTramadol
trance,អណ្ដែតអណ្ដូង
tranny,
trans,ឆ្លង
transaction,ប្រតិបត្តិការ
transactions,ប្រតិបត្តិការ
transcript,ប្រតិចារិក
transcription,ប្រតិចារិក
transcripts,ប្រតិចារិក
transfer,ផ្ទេរ
transferred,បានផ្ទេរ
transfers,ការផ្ទេរ
transform,ប្លែង
transformation,ការផ្លាស់ប្តូរ
transit,ឆ្លងកាត់
transition,ការផ្លាស់ប្តូរ
translate,បកប្រែ
translated,បកប្រែ
translation,ការបកប្រែ
translations,ការបកប្រែផ្សេងៗ
translator,អ្នកបកប្រែ
transmission,ការបញ្ជូន
transmit,បញ្ជូន
transmitted,បានបញ្ជូន
transparency,តម្លាភាព
transparent,ភាពថ្លា
transport,ដឹកជញ្ជូន
transportation,ការដឹកជញ្ជូន
transsexual,អ្នកប្តូរភេទ
trap,អន្ទាក់
trash,សំរាម
trauma,របួសប៉ះទង្គិច
travel,ធ្វើដំណើរ
traveler,អ្នកធ្វើដំណើរ
travelers,អ្នកដំណើរ
traveling,ការធ្វើដំណើរ
traveller,អ្នកធ្វើដំណើរ
travelling,ការធ្វើដំណើរ
travels,ធ្វើដំណើរ
travesti,ការធ្វើដំណើរ
tray,ថាស
treasure,កំណប់
treasurer,អគ្គហេរញ្ញិក
treasures,កំណប់ទ្រព្យ
treasury,រតនាគារ
treat,ព្យាបាល
treated,ព្យាបាល
treating,ការព្យាបាល
treatment,ការព្យាបាល
treatments,ការព្យាបាល
treaty,សន្ធិសញ្ញា
tree,ដើមឈើ
trees,ដើមឈើ
trek,ការដើរ
trembl,ញ័រ
tremendous,អស្ចារ្យ
trend,និន្នាការ
trends,និន្នាការ
trial,ការសាកល្បង
trials,ការសាកល្បង
triangle,ត្រីកោណ
tribal,កុលសម្ព័ន្ធ
tribe,កុលសម្ព័ន្ធ
tribes,កុលសម្ព័ន្ធ
tribunal,វេទិកាមជ្ឈត្តកម្ម
tribune,វេទិកាមជ្ឈត្តកម្ម
tribute,ការកោតសរសើរ
trick,ល្បិច
tricks,ល្បិច
tried,ព្យាយាម
tries,ព្យាយាម
trigger,គន្លឹះ
trim,កាត់តម្រឹម
trinity,ត្រីកោណ
trio,ត្រីកោណ
trip,ដំណើរកំសាន្ត
tripadvisor,tripadvisor
triple,បីដង
trips,ដំណើរកំសាន្ត
triumph,ជ័យជំនះ
troops,កងទ័ព
tropical,ត្រូពិច
trouble,បញ្ហា
troubleshooting,ការដោះស្រាយបញ្ហា
trout,ត្រីស្រដៀងត្រីព្រួល
truck,ឡានដឹកទំនិញ
trucks,ឡានដឹកទំនិញ
true,ពិត
truly,ពិត
trunk,ដើម
trust,ទុកចិត្ត
trusted,ជឿទុកចិត្ត
trustee,អភិបាល
trustees,អ្នកគ្រប់គ្រង
trusts,ទំនុកចិត្ត
truth,ការពិត
try,ព្យាយាម
trying,ព្យាយាម
tsunami,រលកយក្សស៊ូណាមិ
tube,បំពង់
tubes,បំពង់
tuesday,ថ្ងៃអង្គារ
tuition,ថ្លៃសិក្សា
tumor,ដុំសាច់
tune,បទភ្លេង
tuner,ឧបករណ៍លៃតម្រូវ
tunes,បទភ្លេង
tuning,ការបើក
tunisia,ទុយនីស៊ី
tunnel,ផ្លូវរូង
turbo,ទួរប៊ីន
turkey,ទួរគី
turkish,ទួរគី
turn,វេន
turned,ប្រែក្លាយ
turner,ឧបករណ៍បង្វិល
turning,ងាក
turns,វេន
turtle,សត្វអណ្តើក
tutorial,ការបង្រៀន
tutorials,ការបង្រៀន
tv,ទូរទស្សន៍
twelve,ដប់ពីរ
twenty,ម្ភៃ
twice,ពីរដង
twiki,វីគី
twin,ភ្លោះ
twinks,កូនភ្លោះ
twins,កូនភ្លោះ
twist,បង្វិល
twisted,រមួល
twisted,កំពីកកំពក
two,ពីរ
type,ប្រភេទ
type,វាយ
typical,ធម្មតា
typically,ជាធម្មតា
typing,វាយបញ្ចូល
uganda,អ៊ូហ្កង់ដា
ugly,អាក្រក់
ui,ចំណុចប្រទាក់អ្នកប្រើ
ui,UI
uk,ចក្រភពអង់គ្លេស
ukraine,អ៊ុយក្រែន
ultimate,ចុងក្រោយ
ultimately,ទីបំផុត
ultra,ជ្រុល
ultram,ultram
unable,មិនអាច
unauthorized,គ្មានការអនុញ្ញាត
unavailable,មិនមាន
uncertainty,ភាពមិនប្រាកដប្រជា៖
uncle,លោកពូ
undefined,មិនបានកំណត់
under,ក្រោម
undergraduate,បរិញ្ញាបត្រ
underground,ក្រោមដី
underlying,មូលដ្ឋាន
understand,យល់
understanding,ការយល់ដឹង
understood,យល់
undertake,យល់ព្រម
undertaken,បានអនុវត្ត
underwear,ខោទ្រនាប់
undo,មិនធ្វើវិញ
unemployment,ភាពអត់ការងារធ្វើ
unexpected,តួអក្សរដែលមិនរំពឹង
unfortunately,ជាអកុសល
unified,បង្រួបបង្រួម
uniform,ឯកសណ្ឋាន
union,សហជីព
unions,ប្រជុំ
uniprotkb,
unique,ប្លែក
unit,ឯកតា
united,សហ
units,ឯកតា
unity,យូនីធី
univ,មហាវិទ្យាល័យ
univ,សាកលវិទ្យាល័យ
universal,សកល
universe,សកលលោក
universities,សាកលវិទ្យាល័យ
university,សាកលវិទ្យាល័យ
unix,យូនីក
unknown,មិនស្គាល់
unless,លុះត្រាតែ
unlike,មិនដូច
unlikely,មិនទំនង
unlimited,គ្មានដែនកំណត់
unlock,ដោះសោ
unnecessary,មិនចាំបាច់
unsigned,មិនបានចុះហត្ថលេខា
unsubscribe,ឈប់ជាវ
until,រហូតដល់
untitled,គ្មានចំណងជើង
unto,ទៅកាន់
unusual,មិនធម្មតា
unwrap,ស្រាយ
up,ឡើង
upcoming,នាពេលខាងមុខ
update,ធ្វើបច្ចុប្បន្នភាព
updated,បានធ្វើបច្ចុប្បន្នភាព
updates,បច្ចុប្បន្នភាព
updating,ការធ្វើឲ្យទាន់សម័យ
upgrade,ធ្វើឱ្យប្រសើរឡើង
upgrades,អាប់ក្រេត
upgrading,កំពុងអាប់ក្រេត
upload,ផ្ទុកឡើង
uploaded,បានផ្ទុកឡើង
upon,លើ
upper,ខាងលើ
upset,រកាំចិត្ត
upskirt,អាវទ្រនាប់
upskirts,ទីក្រុងខាងលើ
urban,ទីក្រុង
urge,ជំរុញ
urgent,បន្ទាន់
url,Url
urls,URLs
uruguay,អ៊ុយរូហ្កាយ
usa,សហរដ្ឋអាមេរិក
usage,ការប្រើប្រាស់
usb,យូអេសប៊ី
usd,USD
use,ប្រើ
used,បានប្រើ
useful,មានប្រយោជន៍
user,អ្នកប្រើ
username,ឈ្មោះអ្នកប្រើប្រាស់
users,អ្នកប្រើ
uses,ប្រើ
using,កំពុងប្រើ
usual,ធម្មតា
usually,ជាធម្មតា
utah,យូថាហ៍
utilities,ឧបករណ៍ប្រើប្រាស់
utility,ឧបករណ៍ប្រើប្រាស់
utilization,ការប្រើប្រាស់
utilize,ប្រើប្រាស់
utils,ឧបករណ៍ប្រើប្រាស់
uzbekistan,អ៊ូសបេគីស្ថាន
vacancies,កន្លែងទំនេរ
vacation,វិស្សមកាល
vacations,វិស្សមកាល
vaccine,វ៉ាក់សាំង
vacuum,ទំនេរ
vagina,ទ្វារមាស
val,វ៉ាល់
valentine,ក្តីស្រឡាញ់
valid,ត្រឹមត្រូវ
validation,ការធ្វើឲ្យមានសុពលភាព
validity,ភាពត្រឹមត្រូវ
valium,តម្លៃ
valley,ជ្រលងភ្នំ
valuable,មានតម្លៃ
valuation,ការវាយតម្លៃ
value,តម្លៃ
valued,មានតម្លៃ
values,តម្លៃ
valve,សន្ទះបិទបើក
valves,វ៉ាល់
vampire,ខ្មោចឆៅ
van,ឡាន
vancouver,ទីក្រុងVancouver
vanilla,វ៉ានីឡា
variable,អថេរ
variables,អថេរ
variance,វ៉ារ្យ៉ង់
variation,បំរែបំរួល
variations,ដែលអាចជំនួសគ្នាបាន
varied,បានប្រែប្រួល
varies,ផ្សេងៗ
varieties,ប្រភេទ
variety,ភាពចម្រុះ
various,ផ្សេងៗ
vary,ប្រែប្រួល
varying,ការប្រែប្រួល
vast,ធំ
vatican,បុរីវ៉ាទីកង់
vault,តំបន់សុវត្ថិភាព
vector,វ៉ិចទ័រ
vegas,វេហ្គាស
vegetable,បន្លែ
vegetables,បន្លែ
vegetarian,អ្នកតមសាច់
vegetation,រុក្ខជាតិ
vehicle,យានជំនិះ
vehicles,យានជំនិះ
velocity,ល្បឿន
vendor,អ្នកលក់
vendors,អ្នកលក់
venezuela,វេណេស៊ុយអេឡា
venice,វេនីស
venture,ការបណ្តាក់ទុន
ventures,ការបណ្តាក់ទុន
venue,ទីកន្លែង
venues,វេន
verbal,ពាក្យសំដី
verde,កាបេស
verification,ការផ្ទៀងផ្ទាត់
verified,បានផ្ទៀងផ្ទាត់
verify,ផ្ទៀងផ្ទាត់
verizon,វីហ្សុន
vermont,វឺម៉ុន
verse,ខគម្ពីរ
version,កំណែ
versions,កំណែ
versus,ទល់នឹង
vertex,ចំណុចកំពុលមុំ
vertical,បញ្ឈរ
very,ខ្លាំង
verzeichnis,
vessel,នាវា
vessels,នាវា
veteran,អតីតយុទ្ធជន
veterans,អតីតយុទ្ធជន
veterinary,ពេទ្យសត្វ
via,តាមរយៈ
vibrator,ឧបករណ៍រំញ័រ
vibrators,ឧបករណ៍រំញ័រ
vice,អនុ
victim,ជនរងគ្រោះ
victims,ជនរងគ្រោះ
victoria,វិចតូរីយ៉ា
victorian,អ្នកឈ្នះ
victory,ជ័យជំនះ
video,វីដេអូ
videos,វីដេអូ
vids,វីដេអូ
vietnam,វៀតណាម
vietnamese,ភាសាវៀតណាម
view,មើល
viewed,បានមើល
viewer,កម្មវិធីមើល
viewers,អ្នកមើល
viewing,ការមើល
viewpicture,រូបភាពមើល
views,មើល
viking,viking
villa,វីឡា
village,ភូមិ
villages,ភូមិ
villas,វីឡា
vincent,វ៉ាំងសង់
vintage,រសជាតិ
vinyl,វីនីល
violation,ការបំពាន
violations,ការរំលោភបំពាន
violence,អំពើហឹង្សា
violent,អំពើហិង្សា
violin,វីយូឡុង
vip,VIP
viral,កំពុងសាយភាយ
virgin,ព្រហ្មចារី
virginia,ព្រហ្មចារី
virtual,និម្មិត
virtually,សិប្បនិម្មិត
virtue,គុណធម៌
virus,មេរោគ
viruses,វីរុស
visa,ទិដ្ឋាការ
visibility,ភាពមើលឃើញ
visible,អាចមើលឃើញ
vision,ចក្ខុវិស័យ
visit,ទស្សនា
visited,បានទៅទស្សនា
visiting,ទស្សនា
visitor,អ្នកទស្សនា
visitors,អ្នកទស្សនា
visits,ទស្សនា
vista,ទិដ្ឋាការ
visual,មើលឃើញ
vital,សំខាន់
vitamin,វីតាមីន
vitamins,វីតាមីន
vocabulary,វាក្យសព្ទ
vocal,សំឡេង
vocals,សំឡេង
vocational,វិជ្ជាជីវៈ
voice,សំឡេង
voices,សំឡេង
void,ទុកជាមោឃៈ
voip,សំឡេងរោទិ៍
vol,វ៉ុល
volleyball,កីឡាបាល់ទះ
volt,វ៉ុល
voltage,វ៉ុល
volume,កម្រិតសំឡេង
volumes,កម្រិតសំឡេង
voluntary,ស្ម័គ្រចិត្ត
volunteer,អ្នកស្ម័គ្រចិត្ត
volunteers,អ្នកស្ម័គ្រចិត្ត
volvo,វ៉ុលវ៉ូ
von,វ៉ុន
vote,បោះឆ្នោត
voted,បានបោះឆ្នោត
voters,អ្នកបោះឆ្នោត
votes,ការបោះឆ្នោត
voting,ការបោះឆ្នោត
voyeur,អ្នកធ្វើដំណើរ
vpn,VPN
vs,ទល់នឹង
vulnerability,ភាពងាយរងគ្រោះ
vulnerable,ងាយរងគ្រោះ
wage,ប្រាក់ឈ្នួល
wages,ប្រាក់ឈ្នួល
wagner,wagner
wagon,រទេះ
wait,រង់ចាំ
waiting,រង់ចាំ
waiver,បោះបង់
wake,ភ្ញាក់
wal,វ៉ាល់
wales,វេលស៍
walk,ដើរ
walked,បានដើរ
walker,អ្នកដើរ
walking,ដើរ
walks,ដើរ
wall,ជញ្ជាំង
wallace,វ៉ាឡេស
wallet,កាបូប
wallpaper,ផ្ទាំងរូបភាព
wallpapers,ផ្ទាំងរូបភាព
walls,ជញ្ជាំង
walnut,ផ្លែវ៉លណាត់
walt,ក្រុមហ៊ុនWaltDisney
wanna,ចង់
want,ចង់
wanted,ចង់បាន
wanting,ចង់បាន
wants,ចង់
war,សង្គ្រាម
warcraft,យន្តហោះចម្បាំង
ward,
ware,ទំនិញ
warehouse,ឃ្លាំង
warm,ក្តៅ
warming,ការឡើងកម្ដៅ
warned,ព្រមាន
warner,អ្នកព្រមាន
warning,ការព្រមាន
warnings,ការព្រមាន
warrant,ធានា
warranties,ការធានា
warranty,ការធានា
warren,វ៉ារិន
warrior,អ្នកចម្បាំង
warriors,អ្នកចម្បាំង
wars,សង្គ្រាម
was,គឺ
wash,លាង
washer,ម៉ាស៊ីនបោកគក់
washing,ពេលកំពុងលុប
washington,វ៉ាស៊ីនតោន
waste,កាកសំណល់
waste,ខ្ជះខ្ជាយ
watch,មើល
watched,បានឃ្លាំមើល
watches,នាឡិកា
watching,កំពុងមើល
water,ទឹក
waterproof,មិនជ្រាបទឹក
waters,ទឹក
watershed,ការបែងចែកទឹក
watson,វ៉ាត់សុន
watt,វ៉ាត់
watts,វ៉ាត់
wave,រលក
waves,រលក
wax,ក្រមួន
way,វិធី
ways,វិធី
wc,បន្ទប់ទឹក
weak,ខ្សោយ
wealth,ទ្រព្យសម្បត្តិ
weapon,អាវុធ
weapons,អាវុធ
wear,ពាក់
wearing,ពាក់
weather,អាកាសធាតុ
web,វែប
webcam,កាមេរ៉ាបណ្ដាញ
webcams,កាមេរ៉ាបណ្ដាញ
webcast,ការផ្សាយតាមបណ្ដាញ
weblog,កំណត់ហេតុបណ្ដាញ
weblogs,កំណត់ហេតុបណ្ដាញ
webmaster,អ្នកគ្រប់គ្រងគេហទំព័រ
webmasters,អ្នកគ្រប់គ្រងគេហទំព័រ
webpage,គេហទំព័រ
webshots,រូបថតលើបណ្ដាញ
website,គេហទំព័រ
websites,គេហទំព័រ
wed,អាពាហ៍ពិពាហ៍
wedding,អាពាហ៍ពិពាហ៍
weddings,អាពាហ៍ពិពាហ៍
wednesday,ថ្ងៃពុធ
weed,ស្មៅ
week,សប្តាហ៍
weekend,ចុងសប្តាហ៍
weekends,ចុងសប្តាហ៍
weekly,ប្រចាំសប្តាហ៍
weeks,សប្តាហ៍
weight,ទម្ងន់
weighted,មានទម្ងន់
weights,ទម្ងន់
weird,ចំលែក
welcome,ស្វាគមន៍
welding,ការផ្សារ
welfare,សុខុមាលភាព
well,ល្អ
wellness,សុខុមាលភាព
wells,ល្អ
went,បានទៅ
were,បាន
west,ខាងលិច
western,ខាងលិច
wet,សើម
whale,ត្រីបាឡែន
what,អ្វី
whatever,អ្វីក៏ដោយ
whats,អ្វី
wheat,ស្រូវសាឡី
wheel,កង់
wheels,កង់
when,ពេលណា
whenever,នៅពេលណាក៏បាន
where,នៅឯណា
whereas,ចំណែកឯ
wherever,នៅទីណាក៏ដោយ
whether,ថាតើ
which,ដែល
while,ខណៈពេល
whilst,ខណៈពេលដែល
white,ស
who,នរណា
whole,ទាំងមូល
wholesale,លក់ដុំ
whom,អ្នកណា
whore,ស្រីពេស្យា
whose,នរណា
why,ហេតុអ្វី
wicked,ទុច្ចរិត
wide,ធំទូលាយ
widely,យ៉ាងទូលំទូលាយ
wider,កាន់តែទូលំទូលាយ
widescreen,អេក្រង់ធំ
widespread,រីករាលដាល
width,ទទឹង
wife,ប្រពន្ធ
wifi,វ៉ាយហ្វាយ
wiki,វីគី
wikipedia,វិគីភីឌា
wild,ព្រៃ
wilderness,វាលរហោស្ថាន
wildlife,សត្វព្រៃ
will,នឹង
william,វីលៀម
williams,វីលៀម
willing,មានឆន្ទៈ
willow,ដើមសូល
willow,ដើមសួល
wilson,វីលសុន
win,ឈ្នះ
wind,ខ្យល់
window,បង្អួច
windows,វីនដូ
winds,ខ្យល់
wine,ស្រា
wines,ទំពាំងបាយជូរ
wing,ស្លាប
wings,ស្លាប
winner,អ្នកឈ្នះ
winners,អ្នកឈ្នះ
winning,ឈ្នះ
wins,ឈ្នះ
winter,រដូវរងា
wire,ខ្សែ
wired,ដោយខ្សែ
wireless,ឥតខ្សែ
wires,ខ្សែភ្លើង
wiring,ខ្សែភ្លើង
wisconsin,វីស្កុងស៊ីន
wisdom,ប្រាជ្ញា
wise,ឆ្លាត
wish,ប្រាថ្នា
wishes,បំណង
wishing,ជូនពរ
wishlist,បញ្ជីប្រាថ្នា
witch,មេធ្មប់
with,ជាមួយ
withdrawal,ដក
within,នៅក្នុង
without,ដោយគ្មាន
witness,សាក្សី
witnesses,សាក្សី
wives,ប្រពន្ធ
wizard,អ្នកជំនួយការ
wolf,ចចក
woman,ស្ត្រី
women,ស្ត្រី
womens,ស្ត្រី
won,ឈ្នះ
wonder,ឆ្ងល់
wonderful,អស្ចារ្យ
wondering,ឆ្ងល់
wood,ឈើ
wooden,ឈើ
woods,ឈើ
wool,ឡែន
word,ពាក្យ
wordpress,វឺតប្រែស
words,ពាក្យ
work,ធ្វើការ
worked,បានធ្វើការ
worker,កម្មករ
workers,កម្មករ
workflow,ចរន្តការងារ
workforce,កម្លាំងពលកម្ម
working,ធ្វើការ
workout,លំហាត់ប្រាណ
workplace,កន្លែងធ្វើការ
works,ធ្វើការ
workshop,សិក្ខាសាលា
workshops,សិក្ខាសាលា
workstation,ស្ថានីយការងារ(Workstation)
world,ពិភពលោក
worlds,ពិភពលោក
worldwide,ទូទាំងពិភពលោក
worm,ដង្កូវ
worn,ពាក់
worried,បារម្ភ
worry,បារម្ភ
worse,កាន់តែអាក្រក់
worship,ថ្វាយបង្គំ
worst,អាក្រក់បំផុត
worth,មានតម្លៃ
worthy,ស័ក្តិសម
would,នឹង
wound,របួស
wow,អស្ចារ្យ
wrap,រុំ
wrapped,បានរុំ
wrapping,ការរុំ
wrestling,ប្រដាល់
wright,រ៉ាយ
wrist,កដៃ
write,សរសេរ
writer,អ្នកនិពន្ធ
writers,អ្នកនិពន្ធ
writes,សរសេរ
writing,ការសរសេរ
writings,សំណេរ
written,សរសេរ
wrong,ខុស
wrote,បានសរសេរ
www,QShortcut
wyoming,វីយ៉ូមីង
yacht,កាណូត
yahoo,យ៉ាហ៊ូ
yale,សាកលវិទ្យាល័យYale
yamaha,យ៉ាម៉ាហា
yang,យ៉ាងជឺ
yard,រង្វាស់យ៉ាត
yards,យ៉ាត
yarn,អំបោះ
yea,បាទ
yeah,បាទ
year,ឆ្នាំ
yearly,ប្រចាំឆ្នាំ
years,ឆ្នាំ
yeast,មេដំបែ
yellow,លឿង
yen,យ៉េន
yes,បាទ
yes,ចាស
yesterday,ម្សិលមិញ
yet,នៅឡើយ
yield,ទិន្នផល
yields,ទិន្នផល
yoga,យូហ្គា
york,យ៉ក
you,អ្នក
young,ក្មេង
younger,ក្មេងជាងវ័យ
your,របស់អ្នក
yours,របស់អ្នក
yourself,ខ្លួនឯង
youth,យុវជន
yrs,ឆ្នាំ
yukon,យុកុន
zambia,សំប៊ី
zealand,ហ្សេឡង់
zero,សូន្យ
zimbabwe,ហ្ស៊ីមបាវ៉េ
zinc,ស័ង្កសី
zip,លេខកូដតំបន់
zone,តំបន់
zones,តំបន់
zoning,ការកំណត់តំបន់
zoo,សួនសត្វ
zoom,ពង្រីក
zoophilia,សួនសត្វ
